,school,sex,age,address,fam_size,p_status,m_edu,f_edu,reason,guardian,travel_time,study_time,failures,school_sup,fam_sup,paid,activities,higher,internet,romantic,fam_rel,free_time,go_out,dalc,walc,health,absences,objecting,grade
0,GP,F,18,U,GT3,A,4,4,course,mother,2,2,0,yes,no,no,no,yes,no,no,4,3,4,1,1,3,4,0,7.33
1,GP,F,17,U,GT3,T,1,1,course,father,1,2,0,no,yes,no,no,yes,yes,no,5,3,3,1,1,3,2,1,10.33
2,GP,F,15,U,LE3,T,1,1,other,mother,1,2,0,yes,no,no,no,yes,yes,no,4,3,2,2,3,3,6,2,12.33
3,GP,F,15,U,GT3,T,4,2,home,mother,1,3,0,no,yes,no,yes,yes,yes,yes,3,2,2,1,1,5,0,3,14.0
4,GP,F,16,U,GT3,T,3,3,home,father,1,2,0,no,yes,no,no,yes,no,no,4,3,2,1,2,5,0,4,12.33
5,GP,M,16,U,LE3,T,4,3,reputation,mother,1,2,0,no,yes,no,yes,yes,yes,no,5,4,2,1,2,5,6,5,12.33
6,GP,M,16,U,LE3,T,2,2,home,mother,1,2,0,no,no,no,no,yes,yes,no,4,4,4,1,1,3,0,6,12.67
7,GP,F,17,U,GT3,A,4,4,home,mother,2,2,0,yes,yes,no,no,yes,no,no,4,1,4,1,1,1,2,7,12.0
8,GP,M,15,U,LE3,A,3,2,home,mother,1,2,0,no,yes,no,no,yes,yes,no,4,2,2,1,1,1,0,8,16.0
9,GP,M,15,U,GT3,T,3,4,home,mother,1,2,0,no,yes,no,yes,yes,yes,no,5,5,1,1,1,5,0,9,12.33
10,GP,F,15,U,GT3,T,4,4,reputation,mother,1,2,0,no,yes,no,no,yes,yes,no,3,3,3,1,2,2,2,10,14.0
11,GP,F,15,U,GT3,T,2,1,reputation,father,3,3,0,no,yes,no,yes,yes,yes,no,5,2,2,1,1,4,0,11,11.67
12,GP,M,15,U,LE3,T,4,4,course,father,1,1,0,no,yes,no,yes,yes,yes,no,4,3,3,1,3,5,0,12,12.33
13,GP,M,15,U,GT3,T,4,3,course,mother,2,2,0,no,yes,no,no,yes,yes,no,5,4,3,1,2,3,0,13,12.33
14,GP,M,15,U,GT3,A,2,2,home,other,1,3,0,no,yes,no,no,yes,yes,yes,4,5,2,1,1,3,0,14,14.33
15,GP,F,16,U,GT3,T,4,4,home,mother,1,1,0,no,yes,no,no,yes,yes,no,4,4,4,1,2,2,6,15,17.0
16,GP,F,16,U,GT3,T,4,4,reputation,mother,1,3,0,no,yes,no,yes,yes,yes,no,3,2,3,1,2,2,10,16,13.33
17,GP,F,16,U,GT3,T,3,3,reputation,mother,3,2,0,yes,yes,no,yes,yes,no,no,5,3,2,1,1,4,2,17,13.67
18,GP,M,17,U,GT3,T,3,2,course,mother,1,1,3,no,yes,yes,yes,yes,yes,no,5,5,5,2,4,5,2,18,7.67
19,GP,M,16,U,LE3,T,4,3,home,father,1,1,0,no,no,no,yes,yes,yes,no,3,1,3,1,3,5,6,19,12.0
20,GP,M,15,U,GT3,T,4,3,reputation,mother,1,2,0,no,no,no,no,yes,yes,no,4,4,1,1,1,1,0,20,13.0
21,GP,M,15,U,GT3,T,4,4,other,father,1,1,0,no,yes,yes,no,yes,yes,no,5,4,2,1,1,5,0,21,11.67
22,GP,M,16,U,LE3,T,4,2,course,mother,1,2,0,no,no,no,yes,yes,yes,no,4,5,1,1,3,5,0,22,13.0
23,GP,M,16,U,LE3,T,2,2,reputation,mother,2,2,0,no,yes,no,yes,yes,yes,no,5,4,4,2,4,5,2,23,10.0
24,GP,F,15,R,GT3,T,2,4,course,mother,1,3,0,yes,yes,no,yes,yes,yes,no,4,3,2,1,1,5,2,24,10.33
25,GP,F,16,U,GT3,T,2,2,home,mother,1,1,0,no,yes,no,no,yes,yes,no,1,2,2,1,3,5,6,25,11.0
26,GP,M,15,U,GT3,T,2,2,home,mother,1,1,0,no,yes,no,no,yes,yes,no,4,2,2,1,2,5,8,26,11.67
27,GP,M,15,U,GT3,T,4,2,other,mother,1,1,0,no,no,no,no,yes,yes,no,2,2,4,2,4,1,0,27,11.0
28,GP,M,16,U,LE3,A,3,4,home,mother,1,2,0,yes,yes,yes,yes,yes,yes,no,5,3,3,1,1,5,2,28,12.33
29,GP,M,16,U,GT3,T,4,4,home,mother,1,2,0,no,yes,yes,yes,yes,yes,yes,4,4,5,5,5,5,4,29,11.67
30,GP,M,15,U,GT3,T,4,4,home,mother,1,2,0,no,yes,yes,no,yes,yes,no,5,4,2,3,4,5,0,30,10.67
31,GP,M,15,U,GT3,T,4,4,reputation,mother,2,2,0,no,yes,no,yes,yes,yes,no,4,3,1,1,1,5,2,31,15.0
32,GP,M,15,R,GT3,T,4,3,course,mother,1,2,0,no,yes,no,yes,yes,yes,yes,4,5,2,1,1,5,0,32,14.0
33,GP,M,15,U,LE3,T,3,3,course,mother,1,2,0,no,no,no,yes,yes,yes,no,5,3,2,1,1,2,0,33,12.33
34,GP,M,16,U,GT3,T,3,2,home,mother,1,1,0,no,yes,no,no,yes,yes,no,5,4,3,1,1,5,4,34,12.0
35,GP,F,15,U,GT3,T,2,3,other,father,2,1,0,no,yes,no,yes,yes,no,no,3,5,1,1,1,5,4,35,11.0
36,GP,M,15,U,LE3,T,4,3,home,mother,1,3,0,no,yes,no,yes,yes,yes,no,5,4,3,1,1,4,0,36,14.0
37,GP,M,16,R,GT3,A,4,4,reputation,mother,2,3,0,no,yes,no,yes,yes,yes,yes,2,4,3,1,1,5,4,37,13.0
38,GP,F,15,R,GT3,T,3,4,course,mother,1,3,0,yes,yes,no,yes,yes,yes,no,4,3,2,1,1,5,2,38,11.67
39,GP,F,15,R,GT3,T,2,2,reputation,mother,1,1,0,yes,yes,no,yes,yes,no,no,4,3,1,1,1,2,8,39,13.0
40,GP,F,16,U,LE3,T,2,2,home,mother,2,2,0,no,yes,no,yes,yes,yes,yes,3,3,3,1,2,3,16,40,10.67
41,GP,M,15,U,LE3,T,4,4,home,other,1,1,0,no,yes,no,no,yes,yes,yes,5,4,3,2,4,5,8,41,10.67
42,GP,M,15,U,GT3,T,4,4,course,father,1,2,0,no,yes,no,yes,yes,yes,no,4,3,3,1,1,5,0,42,14.67
43,GP,M,15,U,GT3,T,2,2,course,father,1,1,0,yes,yes,no,no,yes,yes,no,5,4,1,1,1,1,0,43,9.67
44,GP,F,16,U,LE3,T,2,2,course,father,2,2,1,yes,no,no,yes,yes,yes,no,4,3,3,2,2,5,14,44,10.67
45,GP,F,15,U,LE3,A,4,3,course,mother,1,2,0,yes,yes,yes,yes,yes,yes,yes,5,2,2,1,1,5,4,45,10.67
46,GP,F,16,U,LE3,A,3,3,home,mother,1,2,0,no,yes,no,no,yes,yes,no,2,3,5,1,4,3,6,46,12.67
47,GP,M,16,U,GT3,T,4,3,reputation,mother,1,4,0,no,no,no,yes,yes,yes,no,4,2,2,1,1,2,2,47,17.0
48,GP,M,15,U,GT3,T,4,2,home,mother,1,2,0,no,yes,no,no,yes,no,no,4,3,3,2,2,5,4,48,12.0
49,GP,F,15,U,GT3,T,4,4,other,father,1,2,0,yes,yes,no,yes,yes,yes,no,4,4,4,1,1,3,2,49,12.33
50,GP,F,16,U,LE3,T,2,2,course,mother,3,2,0,no,yes,no,no,yes,yes,no,4,3,3,2,3,4,0,50,13.33
51,GP,F,15,U,LE3,T,4,2,other,mother,1,2,0,no,yes,no,no,yes,yes,no,4,3,3,1,1,5,0,51,15.33
52,GP,M,15,U,LE3,A,4,2,other,father,2,1,0,no,no,no,no,yes,no,no,5,5,5,3,4,5,4,52,9.33
53,GP,F,15,U,GT3,T,4,4,course,mother,1,1,0,yes,yes,no,no,yes,yes,no,3,3,4,2,3,5,0,53,12.33
54,GP,F,15,U,LE3,A,3,3,other,mother,1,1,0,no,no,no,no,yes,yes,no,5,3,4,4,4,1,0,54,12.67
55,GP,F,16,U,GT3,A,2,1,other,mother,1,2,0,no,no,no,yes,yes,yes,yes,5,3,4,1,1,2,2,55,12.33
56,GP,F,15,U,GT3,A,4,3,reputation,mother,1,2,0,no,yes,no,yes,yes,yes,no,4,3,2,1,1,1,0,56,14.67
57,GP,M,15,U,GT3,T,4,4,reputation,mother,1,2,0,no,yes,no,yes,yes,no,no,3,2,2,1,1,5,8,57,15.33
58,GP,M,15,U,LE3,T,1,2,home,father,1,2,0,yes,yes,no,yes,yes,yes,no,4,3,2,1,1,5,0,58,13.67
59,GP,F,16,U,GT3,T,4,2,course,mother,1,2,0,no,yes,yes,no,yes,yes,no,4,2,3,1,1,5,2,59,15.67
60,GP,F,16,R,GT3,T,4,4,other,mother,1,2,0,no,yes,no,yes,yes,no,no,2,4,4,2,3,4,0,60,16.33
61,GP,F,16,U,GT3,T,1,1,course,father,4,1,0,yes,yes,no,yes,yes,yes,yes,5,5,5,5,5,5,0,61,12.0
62,GP,F,16,U,LE3,T,1,2,reputation,father,1,2,0,yes,no,no,yes,yes,yes,no,4,4,3,1,1,1,0,62,12.0
63,GP,F,16,U,GT3,T,4,3,home,mother,1,3,0,yes,yes,no,yes,yes,yes,no,3,4,4,2,4,4,0,63,13.33
64,GP,F,15,U,LE3,T,4,3,reputation,father,1,2,0,yes,no,no,yes,yes,yes,yes,4,4,4,2,4,2,0,64,12.33
65,GP,F,16,U,LE3,T,4,3,course,mother,3,2,0,no,yes,no,yes,yes,yes,no,5,4,3,1,2,1,2,65,15.67
66,GP,M,15,U,GT3,A,4,4,reputation,mother,1,4,0,no,yes,no,yes,yes,yes,yes,1,3,3,5,5,3,0,66,11.67
67,GP,F,16,U,GT3,T,3,1,course,mother,1,4,0,yes,yes,no,no,yes,yes,no,4,3,3,1,2,5,0,67,9.67
68,GP,F,15,R,LE3,T,2,2,reputation,mother,2,2,0,yes,yes,no,no,yes,yes,no,4,1,3,1,3,4,0,68,10.67
69,GP,F,15,R,LE3,T,3,1,reputation,father,2,4,0,no,yes,no,no,yes,yes,no,4,4,2,2,3,3,6,69,15.0
70,GP,M,16,U,GT3,T,3,1,reputation,father,2,4,0,no,yes,no,no,yes,yes,no,4,3,2,1,1,5,2,70,11.67
71,GP,M,15,U,GT3,T,4,2,course,mother,1,4,0,no,no,no,no,yes,yes,no,3,3,3,1,1,3,0,71,10.0
72,GP,F,15,R,GT3,T,1,1,reputation,mother,1,2,0,yes,yes,no,no,yes,yes,yes,3,3,4,2,4,5,2,72,11.67
73,GP,M,16,U,GT3,T,3,1,reputation,mother,1,1,0,no,no,no,yes,yes,no,no,5,3,2,2,2,5,0,73,13.33
74,GP,F,16,U,GT3,T,3,3,home,mother,1,2,0,yes,yes,no,yes,yes,yes,no,4,3,3,2,4,5,4,74,11.0
75,GP,M,15,U,GT3,T,4,3,home,mother,1,2,0,no,yes,no,yes,yes,yes,no,4,3,3,2,3,5,0,75,11.0
76,GP,M,15,U,GT3,T,4,0,course,mother,2,4,0,no,no,no,yes,yes,yes,no,3,4,3,1,1,1,0,76,11.33
77,GP,F,16,U,GT3,T,2,2,reputation,mother,1,4,0,no,no,no,no,yes,yes,yes,5,2,3,1,3,3,1,77,13.0
78,GP,M,17,U,GT3,T,2,1,home,mother,2,1,3,yes,yes,no,yes,no,yes,no,4,5,1,1,1,3,0,78,9.33
79,GP,F,16,U,GT3,T,3,4,course,mother,1,2,0,no,yes,no,no,yes,yes,no,2,4,3,1,2,3,14,79,11.33
80,GP,M,15,U,GT3,T,2,3,course,father,1,1,0,yes,yes,no,yes,yes,yes,yes,3,2,2,1,3,3,0,80,11.33
81,GP,M,15,U,GT3,T,2,3,home,mother,1,3,0,yes,no,no,no,yes,yes,no,5,3,2,1,2,5,2,81,9.33
82,GP,F,15,U,LE3,T,3,2,reputation,mother,1,2,0,no,yes,no,no,yes,yes,no,4,4,4,1,1,5,4,82,11.33
83,GP,M,15,U,LE3,T,2,2,home,mother,2,2,0,no,no,yes,yes,yes,yes,no,5,3,3,1,3,4,2,83,12.67
84,GP,F,15,U,GT3,T,1,1,home,father,1,2,0,no,yes,no,yes,yes,yes,no,4,3,2,2,3,4,2,84,12.33
85,GP,F,15,U,GT3,T,4,4,reputation,father,2,2,0,no,no,no,no,yes,yes,yes,4,4,4,2,3,5,4,85,11.67
86,GP,F,16,U,LE3,T,2,2,course,mother,1,2,0,no,yes,no,no,yes,no,no,4,3,4,1,2,2,6,86,11.67
87,GP,F,15,U,GT3,T,4,2,reputation,mother,1,3,0,no,yes,no,yes,yes,yes,no,5,3,3,1,3,1,4,87,15.0
88,GP,M,16,U,GT3,T,2,2,reputation,father,2,2,0,no,no,no,yes,yes,yes,no,4,4,2,1,1,3,6,88,11.0
89,GP,M,16,U,LE3,A,4,4,reputation,mother,1,2,0,no,yes,no,no,yes,no,no,4,1,3,3,5,5,6,89,9.33
90,GP,F,16,U,GT3,T,3,3,home,mother,1,3,0,no,yes,no,no,yes,yes,yes,4,3,3,1,3,4,2,90,10.33
91,GP,F,15,U,GT3,T,4,3,reputation,mother,1,1,0,no,no,no,yes,yes,yes,no,4,5,5,1,3,1,6,91,13.33
92,GP,F,16,U,LE3,T,3,1,home,father,1,2,0,yes,yes,no,no,yes,no,no,3,3,3,2,3,2,0,92,12.33
93,GP,F,16,U,GT3,T,4,2,home,mother,2,2,0,no,yes,no,yes,yes,yes,no,5,3,3,1,1,1,2,93,13.67
94,GP,M,15,U,LE3,T,2,2,reputation,mother,1,4,0,no,yes,no,yes,yes,yes,no,4,3,4,1,1,4,2,94,11.67
95,GP,F,15,R,GT3,T,1,1,home,mother,2,4,0,yes,yes,yes,yes,yes,yes,no,3,1,2,1,1,1,4,95,13.0
96,GP,M,16,R,GT3,T,4,3,reputation,mother,2,1,0,yes,yes,yes,yes,yes,yes,no,3,3,3,1,1,4,6,96,10.33
97,GP,F,16,U,GT3,T,2,1,course,mother,1,2,0,no,yes,no,no,yes,no,yes,4,3,5,1,1,5,0,97,12.33
98,GP,F,16,U,GT3,T,4,4,reputation,mother,1,1,0,no,no,no,yes,yes,yes,no,5,3,4,1,2,1,4,98,12.67
99,GP,F,16,U,GT3,T,4,3,course,mother,1,3,0,yes,yes,no,no,yes,yes,no,5,3,5,1,1,3,2,99,12.67
100,GP,M,16,U,GT3,T,4,4,other,mother,1,1,0,yes,yes,no,yes,yes,yes,no,4,5,5,5,5,4,12,100,8.67
101,GP,M,16,U,GT3,T,4,4,other,father,1,3,0,no,yes,no,yes,yes,yes,yes,4,4,3,1,1,4,0,101,16.0
102,GP,M,15,U,GT3,T,4,4,course,mother,1,1,0,no,yes,yes,yes,yes,yes,no,5,3,3,1,1,5,2,102,12.33
103,GP,F,15,U,GT3,T,3,2,home,mother,2,2,0,yes,yes,no,no,yes,yes,no,4,3,5,1,1,2,16,103,10.33
104,GP,M,15,U,GT3,A,3,4,course,mother,1,2,0,no,yes,no,yes,yes,yes,no,5,4,4,1,1,1,0,104,16.0
105,GP,F,15,U,GT3,A,3,3,reputation,father,1,4,0,yes,no,no,no,yes,no,no,4,3,3,1,1,4,10,105,10.0
106,GP,F,15,U,GT3,T,2,2,course,mother,1,4,0,yes,yes,no,no,yes,yes,no,5,1,2,1,1,3,4,106,10.0
107,GP,M,16,U,GT3,T,3,3,home,father,1,3,0,no,yes,no,yes,yes,yes,no,5,3,3,1,1,5,4,107,13.67
108,GP,M,15,R,GT3,T,4,4,home,father,4,4,0,no,yes,no,yes,yes,yes,yes,1,3,5,3,5,1,8,108,11.0
109,GP,F,16,U,LE3,T,4,4,other,mother,1,3,0,no,yes,no,yes,yes,yes,yes,5,4,5,1,1,4,2,109,14.67
110,GP,M,15,U,LE3,A,4,4,course,mother,1,1,0,no,no,no,yes,yes,yes,no,5,5,3,1,1,4,4,110,13.67
111,GP,F,16,R,GT3,T,3,3,reputation,father,1,3,0,yes,yes,no,yes,yes,yes,no,4,1,2,1,1,2,4,111,11.0
112,GP,F,16,U,GT3,T,2,2,home,mother,1,2,1,yes,no,no,yes,yes,yes,no,3,1,2,1,1,5,12,112,9.33
113,GP,M,15,U,LE3,T,4,2,course,mother,1,1,0,no,no,no,no,yes,yes,no,3,5,2,1,1,3,10,113,17.67
114,GP,M,15,R,GT3,T,2,1,reputation,mother,1,2,0,no,no,no,yes,yes,yes,yes,5,4,2,1,1,5,4,114,9.67
115,GP,M,16,U,GT3,T,4,4,course,father,1,2,0,no,yes,no,yes,yes,yes,no,5,4,4,1,2,5,6,115,14.67
116,GP,M,15,U,GT3,T,4,4,reputation,father,2,2,0,no,yes,no,yes,yes,no,no,4,4,3,1,1,2,4,116,15.67
117,GP,M,16,U,GT3,T,3,3,home,father,2,1,0,no,no,no,yes,yes,yes,no,5,4,2,1,1,5,6,117,14.33
118,GP,M,17,R,GT3,T,1,3,course,father,3,2,1,no,yes,no,yes,yes,yes,no,5,2,4,1,4,5,14,118,11.33
119,GP,M,15,U,GT3,T,3,4,reputation,father,1,1,0,no,no,no,no,yes,yes,no,3,4,3,1,2,4,2,119,13.67
120,GP,F,15,U,GT3,T,1,2,course,mother,1,2,0,no,no,no,no,yes,yes,no,3,2,3,1,2,1,0,120,14.0
121,GP,M,15,U,GT3,T,2,2,home,father,1,4,0,no,yes,no,yes,yes,yes,no,5,5,4,1,2,5,6,121,13.33
122,GP,F,16,U,LE3,T,2,4,course,father,2,2,0,no,yes,no,yes,yes,yes,yes,4,2,2,1,2,5,2,122,13.0
123,GP,M,16,U,GT3,T,4,4,course,mother,1,1,0,no,yes,no,yes,yes,yes,no,3,4,4,1,4,5,4,123,12.67
124,GP,F,16,U,GT3,T,2,2,home,mother,1,2,0,no,no,no,no,yes,yes,yes,5,4,4,1,1,5,0,124,11.33
125,GP,M,15,U,GT3,T,3,4,home,father,1,1,0,yes,no,no,no,yes,yes,no,5,5,5,3,2,5,2,125,9.0
126,GP,F,15,U,LE3,A,3,4,home,mother,1,2,0,yes,no,no,yes,yes,yes,yes,5,3,2,1,1,1,0,126,10.67
127,GP,F,19,U,GT3,T,0,1,course,other,1,2,2,no,yes,no,no,no,no,no,3,4,2,1,1,5,0,127,10.0
128,GP,M,16,R,GT3,T,4,4,course,mother,1,1,0,no,no,no,yes,yes,yes,no,3,5,5,2,5,4,8,128,14.33
129,GP,M,16,U,GT3,T,2,3,course,mother,2,3,0,no,yes,no,no,yes,yes,yes,3,2,3,2,2,1,4,129,12.67
130,GP,F,15,R,GT3,T,3,4,course,father,2,3,0,no,yes,no,no,yes,yes,yes,4,2,2,2,2,5,0,130,11.0
131,GP,F,18,U,GT3,T,2,1,reputation,mother,1,2,3,no,yes,no,yes,no,yes,yes,5,4,5,1,3,5,10,131,9.0
132,GP,F,17,U,LE3,A,2,1,course,mother,3,1,0,no,yes,no,no,yes,yes,no,3,2,2,1,2,5,8,132,10.67
133,GP,F,15,U,GT3,T,1,1,course,mother,3,1,0,no,yes,no,yes,yes,yes,yes,4,3,3,1,2,4,6,133,12.0
134,GP,F,17,U,LE3,T,2,2,course,father,1,1,0,no,yes,no,no,yes,yes,yes,3,4,4,1,3,5,2,134,12.33
135,GP,F,16,U,GT3,A,3,4,course,father,1,1,0,no,no,no,no,yes,yes,no,3,2,1,1,4,5,12,135,14.0
136,GP,M,16,U,GT3,T,2,1,course,mother,4,1,0,no,no,no,no,yes,no,no,3,2,1,1,1,2,4,136,9.67
137,GP,F,16,U,GT3,A,2,2,home,mother,1,1,1,no,no,no,no,yes,no,no,5,3,4,1,1,5,12,137,11.67
138,GP,M,15,R,GT3,T,3,4,course,mother,4,2,0,no,yes,no,no,yes,no,yes,5,3,3,1,1,5,2,138,11.33
139,GP,F,15,U,GT3,T,4,4,course,mother,1,3,0,no,yes,no,yes,yes,yes,yes,4,3,3,1,1,5,4,139,14.0
140,GP,M,17,R,GT3,T,3,4,course,mother,3,2,0,no,no,no,no,yes,no,no,5,4,5,2,4,5,2,140,9.67
141,GP,F,16,R,GT3,T,1,1,course,mother,4,2,0,no,yes,no,no,yes,no,no,5,1,3,1,1,3,0,141,13.33
142,GP,M,18,U,LE3,T,3,1,course,mother,2,1,0,no,no,no,yes,yes,yes,yes,3,3,4,4,5,4,2,142,11.33
143,GP,F,18,U,GT3,A,3,2,course,other,1,3,0,no,yes,no,yes,yes,yes,yes,4,3,3,5,1,5,10,143,11.33
144,GP,F,16,R,GT3,T,1,1,reputation,mother,2,1,0,no,yes,no,yes,yes,no,yes,3,3,3,1,2,1,8,144,11.33
145,GP,F,16,U,GT3,A,3,3,course,other,2,1,0,no,yes,no,yes,yes,yes,yes,4,3,2,1,1,5,4,145,9.33
146,GP,M,16,U,LE3,T,1,1,course,mother,1,2,2,no,no,no,no,yes,no,yes,4,4,4,1,3,5,0,146,10.0
147,GP,F,15,U,GT3,T,4,4,course,mother,2,1,0,no,no,no,yes,yes,yes,no,4,3,2,1,1,5,6,147,13.67
148,GP,F,15,R,GT3,T,1,1,course,mother,3,1,1,no,no,no,yes,yes,yes,yes,5,5,5,1,1,1,2,148,8.67
149,GP,M,15,U,GT3,T,4,3,course,father,2,4,0,yes,yes,no,no,yes,yes,no,2,2,2,1,1,3,6,149,10.33
150,GP,F,15,U,GT3,A,3,3,home,mother,1,2,0,no,no,no,no,yes,no,yes,1,3,2,2,3,1,24,150,8.67
151,GP,M,16,U,GT3,T,4,4,course,mother,1,3,0,no,yes,no,yes,yes,yes,no,5,3,3,1,3,5,0,151,13.67
152,GP,M,16,U,LE3,T,2,2,reputation,father,2,1,0,no,yes,no,yes,yes,yes,no,2,3,3,2,2,2,4,152,11.33
153,GP,F,15,U,GT3,T,4,4,course,mother,1,3,0,no,yes,no,yes,yes,yes,no,4,2,2,1,1,5,2,153,13.0
154,GP,F,16,U,LE3,T,1,1,course,mother,1,1,0,no,no,no,no,yes,yes,no,3,4,4,3,3,1,4,154,10.67
155,GP,M,17,U,GT3,T,2,1,home,mother,1,1,0,no,yes,no,no,yes,yes,no,5,4,5,1,2,5,22,155,7.33
156,GP,F,15,U,GT3,T,1,1,course,father,1,2,0,no,yes,no,no,yes,yes,no,4,4,2,1,2,5,0,156,12.0
157,GP,F,15,U,LE3,A,2,1,home,mother,2,1,0,no,yes,no,yes,no,yes,yes,4,4,2,1,1,5,0,157,10.33
158,GP,F,15,U,GT3,T,3,2,home,father,1,2,1,no,yes,no,no,yes,yes,no,3,3,2,1,1,3,2,158,11.0
159,GP,F,15,U,GT3,T,1,2,course,mother,1,2,0,no,yes,no,no,yes,yes,no,4,3,2,1,1,5,6,159,12.67
160,GP,F,15,U,GT3,T,1,2,course,father,1,2,0,no,no,no,no,yes,no,yes,2,3,4,2,4,1,6,160,11.0
161,GP,M,16,U,GT3,T,4,4,course,mother,1,1,0,no,yes,no,no,no,yes,yes,3,3,2,2,1,5,16,161,8.67
162,GP,M,15,U,LE3,A,2,1,course,mother,4,1,0,no,no,no,no,yes,yes,no,4,5,5,2,5,5,0,162,11.33
163,GP,M,18,U,LE3,T,1,1,course,mother,1,1,2,no,no,no,no,no,yes,yes,2,3,5,2,5,4,0,163,6.67
164,GP,M,16,U,LE3,T,2,1,course,mother,1,1,1,no,no,no,yes,yes,no,yes,4,4,4,3,5,5,6,164,9.67
165,GP,F,15,R,GT3,T,3,3,reputation,other,2,3,0,no,yes,yes,yes,yes,yes,yes,4,2,1,2,3,3,2,165,13.0
166,GP,M,19,U,GT3,T,3,2,home,mother,1,1,0,no,yes,no,no,no,yes,yes,4,5,4,1,1,4,6,166,10.33
167,GP,F,17,U,GT3,T,4,4,course,mother,1,1,0,yes,yes,no,no,yes,no,yes,4,2,1,1,1,4,0,167,13.0
168,GP,M,15,R,GT3,T,2,3,course,mother,1,2,0,yes,no,yes,yes,yes,no,no,4,4,4,1,1,1,0,168,7.67
169,GP,M,17,R,LE3,T,1,2,reputation,mother,1,1,3,no,no,no,no,yes,no,no,2,2,2,3,3,5,14,169,9.0
170,GP,F,18,R,GT3,T,1,1,course,mother,3,1,3,no,yes,no,yes,yes,no,no,5,2,5,1,5,4,6,170,10.67
171,GP,M,16,R,GT3,T,2,2,course,mother,3,1,0,no,no,no,no,yes,no,no,4,2,2,1,2,3,4,171,11.0
172,GP,M,16,U,GT3,T,3,3,course,father,1,2,1,no,yes,no,no,yes,yes,yes,4,5,5,4,4,5,0,172,7.0
173,GP,M,16,U,LE3,T,1,2,course,mother,2,1,2,no,no,no,no,yes,yes,no,4,4,5,3,5,5,0,173,9.0
174,GP,M,17,R,LE3,T,2,1,course,mother,2,1,1,no,no,yes,yes,no,yes,yes,3,3,2,2,2,5,8,174,8.33
175,GP,M,17,R,GT3,T,3,2,course,mother,2,2,2,yes,yes,no,no,yes,yes,yes,4,4,4,1,4,3,4,175,7.0
176,GP,M,15,U,LE3,T,1,2,course,mother,2,1,0,no,no,no,yes,yes,no,no,4,4,4,2,4,5,2,176,9.0
177,GP,M,16,U,GT3,T,1,3,course,father,1,1,1,no,no,no,no,no,yes,no,5,3,3,1,4,2,2,177,8.33
178,GP,M,17,R,LE3,T,1,1,course,mother,4,2,0,no,no,no,yes,no,no,yes,5,3,5,1,5,5,0,178,8.0
179,GP,M,17,U,GT3,T,3,2,course,mother,2,1,3,no,yes,no,yes,no,no,no,4,5,2,1,1,2,10,179,7.67
180,GP,M,16,U,GT3,T,2,2,course,father,1,2,0,no,no,no,no,no,yes,no,4,3,5,2,4,4,0,180,10.0
181,GP,F,16,U,GT3,T,4,2,home,father,1,2,0,no,no,no,no,yes,yes,yes,4,2,3,1,1,3,0,181,17.33
182,GP,F,16,U,GT3,T,2,2,home,mother,1,2,0,no,yes,no,no,yes,yes,no,5,1,5,1,1,4,0,182,12.33
183,GP,F,16,U,GT3,T,4,4,reputation,mother,1,2,0,no,yes,no,no,yes,yes,yes,4,4,2,1,1,3,0,183,16.33
184,GP,M,16,U,GT3,T,3,4,course,father,3,1,1,no,yes,no,yes,yes,yes,no,3,4,5,2,4,2,4,184,9.33
185,GP,M,16,U,GT3,T,1,0,reputation,mother,2,2,0,no,yes,no,yes,yes,yes,yes,4,3,2,1,1,3,0,185,17.0
186,GP,M,17,U,LE3,T,4,4,reputation,mother,1,2,0,no,yes,no,yes,yes,yes,no,4,4,4,1,3,5,0,186,10.0
187,GP,F,16,U,GT3,T,1,3,home,mother,1,2,0,no,no,no,yes,yes,yes,yes,4,3,5,1,1,3,0,187,13.33
188,GP,F,16,U,LE3,T,3,3,reputation,mother,2,2,0,no,yes,no,yes,yes,yes,no,4,4,5,1,1,4,0,188,14.33
189,GP,M,17,U,LE3,T,4,3,course,mother,2,2,0,no,no,no,yes,yes,yes,no,4,4,4,4,4,4,0,189,10.67
190,GP,F,16,U,GT3,T,2,2,reputation,mother,2,2,0,no,no,no,yes,yes,yes,no,3,4,4,1,4,5,0,190,13.0
191,GP,M,17,U,GT3,T,3,3,reputation,father,1,2,0,no,no,no,yes,yes,yes,no,4,3,4,1,4,4,4,191,10.0
192,GP,M,16,R,GT3,T,4,2,other,mother,1,1,0,no,yes,no,yes,yes,yes,yes,4,3,3,3,4,3,8,192,10.0
193,GP,M,17,U,GT3,T,4,3,course,mother,1,2,0,no,yes,yes,yes,yes,yes,yes,5,2,3,1,1,2,4,193,11.67
194,GP,M,16,U,GT3,T,4,3,home,mother,1,2,0,no,yes,yes,yes,yes,yes,no,3,4,3,2,3,3,4,194,10.67
195,GP,M,16,U,GT3,T,3,3,home,mother,1,2,0,no,no,no,yes,yes,yes,yes,4,2,3,1,2,3,0,195,12.0
196,GP,F,17,U,GT3,T,2,4,reputation,father,1,2,0,no,yes,no,yes,yes,no,no,5,4,2,2,3,5,0,196,17.33
197,GP,F,17,U,LE3,T,3,3,reputation,mother,1,2,0,no,yes,no,yes,yes,yes,yes,5,3,3,2,3,1,32,197,13.67
198,GP,F,16,U,GT3,T,3,2,reputation,mother,1,2,0,no,yes,no,no,yes,yes,no,1,2,2,1,2,1,8,198,15.0
199,GP,M,17,U,GT3,T,3,3,other,mother,1,2,0,no,yes,no,yes,yes,yes,yes,4,3,4,2,3,4,6,199,12.67
200,GP,M,16,U,GT3,T,1,2,other,mother,1,1,0,no,yes,no,yes,yes,yes,yes,3,3,3,1,2,3,0,200,10.0
201,GP,M,16,U,LE3,T,2,1,course,mother,1,2,0,no,no,no,yes,yes,yes,yes,4,2,3,1,2,5,0,201,14.33
202,GP,F,17,U,GT3,A,3,3,reputation,mother,1,2,0,no,yes,no,no,yes,yes,yes,3,3,3,1,3,3,10,202,13.0
203,GP,M,17,R,GT3,T,1,2,home,mother,1,2,0,no,no,no,no,yes,no,no,3,1,3,1,5,3,6,203,9.33
204,GP,F,16,U,GT3,T,2,3,course,mother,1,2,0,no,no,no,no,yes,yes,no,4,3,3,1,1,2,6,204,12.33
205,GP,F,17,U,GT3,T,1,1,course,mother,1,2,0,no,no,no,yes,yes,yes,no,5,3,3,1,1,3,0,205,11.67
206,GP,M,17,U,GT3,T,1,2,other,other,2,2,0,no,no,no,yes,yes,yes,no,4,4,4,4,5,5,16,206,11.0
207,GP,M,16,R,GT3,T,3,3,reputation,mother,1,1,0,no,yes,no,yes,yes,yes,no,4,3,2,3,4,5,0,207,10.33
208,GP,M,16,U,GT3,T,2,3,home,father,2,1,0,no,no,no,no,yes,yes,no,5,3,3,1,1,3,0,208,12.33
209,GP,F,17,U,LE3,T,2,4,course,father,1,2,0,no,no,no,yes,yes,yes,yes,4,3,2,1,1,5,8,209,15.0
210,GP,M,17,U,GT3,T,4,4,home,mother,1,1,0,no,no,no,no,yes,yes,no,5,2,3,1,2,5,4,210,13.33
211,GP,M,16,R,LE3,T,3,3,home,father,3,1,0,no,yes,no,yes,yes,yes,no,3,3,4,3,5,3,16,211,11.0
212,GP,F,17,U,GT3,T,4,4,home,mother,2,1,1,no,yes,no,no,yes,yes,no,4,2,4,2,3,2,30,212,15.0
213,GP,F,16,U,LE3,T,4,4,reputation,mother,1,2,0,no,yes,no,no,yes,yes,no,4,5,2,1,2,3,0,213,10.67
214,GP,F,16,U,GT3,T,4,3,home,mother,1,2,0,no,yes,no,yes,yes,yes,no,4,3,5,1,5,2,2,214,14.33
215,GP,F,16,U,GT3,T,2,3,reputation,mother,1,2,0,yes,yes,no,yes,yes,no,no,4,4,3,1,3,4,4,215,11.67
216,GP,F,17,U,GT3,T,1,1,course,mother,1,2,0,no,yes,no,no,yes,no,no,4,4,4,1,3,1,0,216,14.67
217,GP,F,17,R,GT3,T,2,2,reputation,mother,1,1,0,no,yes,no,no,yes,yes,no,5,3,2,1,2,3,21,217,13.0
218,GP,F,16,R,GT3,T,2,2,reputation,mother,2,4,0,no,yes,no,yes,yes,yes,no,5,3,5,1,1,5,6,218,13.0
219,GP,F,17,U,GT3,T,3,4,home,mother,1,3,1,no,yes,yes,no,yes,yes,yes,4,4,3,3,4,5,14,219,8.33
220,GP,F,16,U,GT3,A,3,1,course,mother,1,2,0,no,yes,no,no,yes,yes,no,2,3,3,2,2,4,2,220,11.33
221,GP,F,16,U,GT3,T,4,3,other,mother,1,2,0,no,no,no,yes,yes,yes,yes,1,3,2,1,1,1,4,221,14.67
222,GP,F,16,U,GT3,T,1,1,home,mother,2,1,0,no,yes,no,no,yes,no,no,4,3,2,1,4,5,2,222,12.67
223,GP,F,17,R,GT3,T,4,3,reputation,mother,2,3,0,no,yes,no,yes,yes,yes,yes,4,4,2,1,1,4,0,223,11.67
224,GP,F,19,U,GT3,T,3,3,reputation,other,1,4,0,no,yes,no,yes,yes,yes,no,4,3,3,1,2,3,4,224,12.0
225,GP,M,17,U,LE3,T,4,4,home,mother,1,2,0,no,yes,no,no,yes,yes,yes,5,3,5,4,5,3,15,225,12.33
226,GP,F,16,U,GT3,A,2,2,reputation,mother,1,2,0,yes,yes,no,no,yes,yes,no,3,3,4,1,1,4,0,226,13.0
227,GP,M,18,U,GT3,T,2,2,home,mother,1,2,0,no,yes,no,yes,yes,yes,no,4,4,4,2,4,5,10,227,11.33
228,GP,F,17,R,LE3,T,4,4,other,mother,1,1,0,no,yes,no,no,yes,no,no,5,2,1,1,2,3,6,228,11.33
229,GP,F,17,U,LE3,T,3,2,reputation,mother,2,2,0,no,no,no,no,yes,yes,no,4,4,4,1,3,1,2,229,15.0
230,GP,F,17,U,GT3,T,4,3,reputation,mother,1,2,0,no,no,no,no,yes,yes,yes,3,4,5,2,4,1,16,230,10.0
231,GP,M,18,U,LE3,T,3,3,home,father,1,2,0,no,yes,no,no,yes,yes,no,3,2,4,2,4,4,10,231,10.0
232,GP,F,17,U,GT3,T,2,3,home,father,2,1,0,no,yes,no,no,yes,no,no,3,3,3,1,4,3,4,232,12.67
233,GP,F,17,U,GT3,T,2,2,course,mother,1,3,0,no,yes,no,yes,yes,yes,no,4,3,3,1,1,4,0,233,12.33
234,GP,F,17,R,GT3,T,2,1,reputation,mother,2,2,0,no,yes,no,yes,yes,yes,no,4,2,5,1,2,5,0,234,10.67
235,GP,F,17,U,GT3,T,1,1,reputation,mother,1,3,0,no,yes,no,yes,yes,no,yes,4,3,4,1,1,5,12,235,12.0
236,GP,F,16,U,GT3,T,2,3,other,mother,1,2,0,yes,no,no,no,yes,yes,no,2,3,1,1,1,3,0,236,13.33
237,GP,M,18,U,GT3,T,2,2,home,mother,2,2,3,no,yes,yes,no,yes,yes,no,3,3,3,5,5,4,9,237,9.67
238,GP,F,16,U,GT3,T,4,4,home,mother,1,3,0,no,yes,no,yes,yes,yes,no,5,3,2,1,1,5,4,238,15.67
239,GP,F,18,R,GT3,T,3,1,reputation,mother,1,2,0,no,no,no,yes,yes,yes,yes,5,3,3,1,1,4,4,239,8.0
240,GP,F,17,U,GT3,T,3,2,course,mother,1,2,0,no,no,no,yes,yes,yes,no,5,3,4,1,3,3,2,240,17.33
241,GP,M,17,U,LE3,T,2,3,reputation,father,1,2,0,no,yes,no,no,yes,yes,no,5,3,3,1,3,3,0,241,10.67
242,GP,M,18,U,LE3,T,2,1,course,mother,4,2,0,yes,yes,no,yes,yes,yes,yes,4,3,2,4,5,3,2,242,10.0
243,GP,F,17,U,GT3,A,2,1,course,mother,2,3,0,no,no,no,yes,yes,yes,yes,3,2,3,1,2,3,0,243,15.33
244,GP,F,17,U,LE3,T,4,3,reputation,father,1,2,0,no,no,no,yes,yes,yes,yes,3,2,3,1,2,3,0,244,12.67
245,GP,M,17,R,GT3,T,2,2,course,father,2,2,0,no,yes,no,yes,yes,yes,no,4,5,2,1,1,1,0,245,12.67
246,GP,M,17,U,GT3,T,4,4,reputation,mother,1,2,0,yes,yes,no,yes,yes,yes,yes,4,5,5,1,3,2,0,246,13.0
247,GP,M,16,U,GT3,T,4,4,reputation,father,1,2,0,no,yes,no,yes,yes,yes,no,4,2,4,2,4,1,0,247,13.33
248,GP,M,16,U,LE3,T,1,1,home,mother,2,2,0,no,yes,no,no,yes,yes,no,3,4,2,1,1,5,2,248,9.0
249,GP,M,16,U,GT3,T,3,2,reputation,mother,2,3,0,no,no,no,yes,yes,yes,yes,5,3,3,1,3,2,0,249,12.0
250,GP,M,17,U,LE3,T,2,2,home,father,1,2,0,no,no,no,yes,yes,yes,yes,4,4,2,5,5,4,0,250,16.0
251,GP,F,16,U,GT3,T,2,1,home,mother,1,1,0,no,no,no,no,yes,yes,yes,4,5,2,1,1,5,4,251,9.67
252,GP,F,16,U,GT3,A,4,1,home,mother,1,2,0,no,no,no,yes,yes,yes,yes,5,3,3,1,2,5,0,252,13.33
253,GP,F,18,U,LE3,A,2,4,course,mother,2,2,1,no,yes,no,no,yes,yes,no,4,3,3,1,1,3,18,253,10.0
254,GP,F,18,U,LE3,T,2,2,course,mother,1,2,1,no,yes,no,no,yes,yes,yes,5,3,1,1,1,5,16,254,9.0
255,GP,F,18,U,GT3,T,3,3,course,mother,2,1,1,no,no,no,no,no,yes,no,4,1,1,1,1,3,14,255,7.33
256,GP,M,18,U,GT3,T,2,2,course,other,1,1,1,no,yes,no,yes,no,yes,yes,4,4,3,2,2,1,26,256,7.67
257,GP,M,17,U,GT3,T,4,4,course,mother,1,1,0,no,yes,no,yes,yes,yes,no,4,2,1,1,2,5,6,257,9.0
258,GP,F,17,U,GT3,T,3,2,course,father,1,2,0,no,no,no,yes,yes,no,no,5,4,2,1,1,3,4,258,14.33
259,GP,F,17,U,LE3,T,1,1,course,mother,1,3,0,no,yes,no,yes,yes,yes,yes,4,3,2,1,2,4,10,259,10.33
260,GP,F,16,U,GT3,T,1,2,course,mother,1,1,0,no,no,no,no,no,yes,no,5,3,5,1,2,5,4,260,11.33
261,GP,F,17,R,GT3,T,2,1,course,mother,3,2,0,no,no,no,yes,yes,no,no,2,1,1,1,1,3,2,261,13.0
262,GP,F,17,R,LE3,A,1,4,course,other,4,1,1,no,yes,no,no,yes,yes,no,5,5,4,1,1,5,14,262,8.67
263,GP,M,18,U,GT3,T,2,2,reputation,father,1,2,0,no,no,no,no,no,yes,no,5,5,4,3,5,2,16,263,7.67
264,GP,F,17,U,LE3,A,2,2,home,mother,1,1,1,no,yes,no,no,no,yes,no,3,1,2,1,1,1,8,264,10.0
265,GP,F,17,R,LE3,T,1,1,course,mother,2,3,0,no,no,no,yes,yes,yes,no,4,3,3,1,3,5,4,265,14.67
266,GP,F,17,U,LE3,A,4,2,course,mother,1,2,0,no,yes,no,yes,yes,no,no,4,3,2,1,1,4,4,266,14.33
267,GP,M,17,U,LE3,T,4,3,course,mother,2,2,0,no,no,no,yes,yes,yes,yes,2,5,5,1,4,5,8,267,15.0
268,GP,M,17,R,LE3,A,4,4,course,mother,2,2,0,no,yes,no,no,yes,yes,no,3,3,3,2,3,4,0,268,12.0
269,GP,M,16,U,LE3,T,4,3,course,mother,1,1,0,no,no,no,yes,yes,yes,no,5,4,5,1,1,3,7,269,14.33
270,GP,M,16,U,GT3,T,4,4,course,mother,1,1,0,no,no,yes,yes,yes,yes,no,5,3,2,1,2,5,4,270,14.67
271,GP,F,17,U,GT3,T,4,4,course,mother,1,2,0,no,yes,yes,no,yes,yes,yes,5,3,1,1,4,5,2,271,11.33
272,GP,M,17,R,GT3,T,1,1,home,father,2,3,0,no,no,no,no,yes,yes,yes,4,3,3,1,1,1,2,272,14.0
273,GP,F,17,U,GT3,T,3,3,home,mother,2,3,0,no,yes,no,no,yes,yes,yes,4,2,2,2,3,5,10,273,11.0
274,GP,F,17,U,GT3,T,1,1,course,mother,1,2,0,yes,no,no,no,yes,no,yes,4,3,2,1,1,4,10,274,9.67
275,GP,F,18,U,GT3,T,2,1,course,other,2,3,0,no,yes,no,no,yes,yes,yes,4,4,4,1,1,3,10,275,11.0
276,GP,M,16,U,GT3,T,2,1,course,mother,3,1,0,no,no,no,no,yes,yes,no,4,3,3,1,1,4,7,276,15.67
277,GP,F,17,U,GT3,T,1,1,course,father,1,2,0,no,yes,no,no,yes,no,no,4,3,4,1,2,5,4,277,10.67
278,GP,M,17,U,GT3,T,2,3,course,father,2,1,0,no,no,no,no,yes,yes,no,5,2,2,1,1,2,2,278,11.33
279,GP,M,22,U,GT3,T,3,1,other,mother,1,1,3,no,no,no,no,no,yes,yes,5,4,5,5,5,1,12,279,6.67
280,GP,M,18,R,LE3,T,3,3,course,mother,1,2,0,no,yes,no,no,yes,yes,yes,4,3,3,1,3,5,8,280,9.67
281,GP,M,16,U,GT3,T,0,2,other,mother,1,1,0,no,no,no,no,yes,yes,no,4,3,2,2,4,5,0,281,11.33
282,GP,M,18,U,GT3,T,3,2,course,mother,2,1,0,no,no,no,no,no,yes,no,4,4,5,2,4,5,8,282,7.33
283,GP,M,16,U,GT3,T,3,3,reputation,other,3,2,1,yes,yes,no,no,yes,yes,no,5,3,3,1,3,2,4,283,10.0
284,GP,M,18,U,GT3,T,2,1,other,mother,1,1,2,no,no,no,no,no,yes,no,3,2,5,2,5,5,4,284,7.0
285,GP,M,16,R,GT3,T,2,1,course,mother,2,1,0,no,no,no,yes,yes,no,no,3,3,2,1,3,3,2,285,13.0
286,GP,M,17,R,GT3,T,2,1,course,mother,1,1,0,no,no,no,no,yes,yes,no,4,4,2,2,4,5,0,286,12.33
287,GP,M,17,U,LE3,T,1,1,course,mother,2,1,1,no,yes,no,yes,yes,yes,no,4,4,4,1,2,5,0,287,9.67
288,GP,F,18,U,LE3,A,2,1,course,mother,1,2,0,no,yes,no,no,yes,yes,yes,4,3,4,1,3,5,2,288,12.33
289,GP,F,17,U,LE3,T,4,2,reputation,mother,1,4,0,no,yes,no,yes,yes,yes,no,4,2,3,1,1,4,2,289,15.33
290,GP,F,19,U,GT3,T,2,2,home,mother,1,2,0,no,yes,no,no,yes,yes,no,4,3,3,1,1,5,0,290,10.33
291,GP,M,18,U,LE3,T,2,1,course,mother,3,2,1,no,no,no,yes,no,yes,no,4,4,5,4,4,5,4,291,10.67
292,GP,F,17,R,GT3,T,4,2,course,mother,1,3,0,no,yes,no,yes,yes,yes,no,4,3,4,1,3,5,2,292,12.33
293,GP,F,18,U,LE3,T,1,1,home,mother,1,3,0,no,yes,no,no,yes,no,no,4,4,3,2,3,3,4,293,12.33
294,GP,F,18,R,GT3,T,2,2,home,mother,1,2,0,yes,no,no,no,yes,no,no,3,2,3,1,1,5,4,294,11.67
295,GP,M,19,U,LE3,A,4,3,reputation,mother,1,2,0,no,yes,no,no,yes,yes,no,4,3,1,1,1,1,4,295,12.67
296,GP,M,18,U,GT3,T,2,1,home,mother,1,2,0,no,no,no,yes,yes,yes,no,5,2,4,1,2,4,2,296,16.0
297,GP,M,17,R,GT3,T,2,2,other,mother,2,1,0,no,no,no,no,no,no,no,5,2,2,1,1,4,0,297,9.67
298,GP,F,17,U,LE3,T,2,2,course,father,1,4,0,no,no,no,yes,yes,yes,yes,3,4,1,1,1,2,2,298,11.0
299,GP,F,20,R,GT3,T,2,1,course,other,2,2,0,no,yes,yes,yes,no,yes,yes,1,2,3,1,2,2,8,299,11.33
300,GP,F,18,U,GT3,T,4,3,home,father,1,2,0,no,yes,no,no,yes,yes,yes,3,1,2,1,3,2,2,300,15.0
301,GP,M,18,U,GT3,T,4,3,course,mother,1,2,0,no,yes,no,no,yes,yes,no,4,3,2,1,1,3,2,301,10.33
302,GP,M,18,R,GT3,T,3,2,course,mother,1,3,0,no,no,no,yes,yes,no,no,5,3,2,1,1,3,2,302,11.0
303,GP,F,17,U,GT3,T,3,3,home,mother,1,3,0,no,no,no,yes,yes,no,no,3,2,3,1,1,4,2,303,13.33
304,GP,F,18,U,GT3,T,2,2,home,mother,1,3,0,no,yes,no,yes,yes,yes,yes,4,3,3,1,1,3,0,304,12.0
305,GP,M,17,U,GT3,T,2,2,home,father,2,1,0,no,no,no,no,no,yes,no,4,4,4,2,3,4,8,305,8.33
306,GP,M,18,R,LE3,A,3,4,reputation,mother,2,2,0,no,yes,no,yes,yes,yes,no,4,2,5,3,4,1,6,306,15.67
307,GP,M,17,U,GT3,T,3,1,other,mother,1,2,0,no,no,no,yes,yes,yes,yes,5,4,4,3,4,5,0,307,12.0
308,GP,F,18,R,GT3,T,4,4,reputation,mother,2,2,0,no,no,no,yes,yes,yes,no,4,3,4,2,2,4,8,308,11.0
309,GP,M,18,U,GT3,T,4,2,reputation,father,1,2,0,no,yes,no,yes,yes,yes,yes,5,4,5,1,3,5,4,309,12.0
310,GP,F,18,R,GT3,T,2,1,reputation,mother,2,2,0,no,yes,no,no,no,yes,yes,4,3,5,1,2,3,12,310,9.0
311,GP,F,19,U,GT3,T,3,3,home,other,1,2,0,no,yes,no,yes,yes,yes,no,4,3,5,3,3,5,16,311,11.67
312,GP,F,18,U,GT3,T,2,3,reputation,father,1,4,0,no,yes,no,yes,yes,yes,yes,4,5,5,1,3,2,10,312,16.0
313,GP,F,18,U,LE3,T,1,1,home,mother,2,2,0,no,yes,no,no,yes,no,no,4,4,3,1,1,3,2,313,13.0
314,GP,M,17,R,GT3,T,1,2,home,mother,1,2,0,no,yes,no,yes,yes,no,yes,3,5,2,2,2,1,2,314,17.0
315,GP,F,18,U,GT3,T,2,1,home,mother,1,2,0,no,yes,no,no,yes,yes,yes,4,2,5,1,2,1,8,315,14.33
316,GP,F,17,U,GT3,T,2,4,reputation,mother,2,2,0,no,yes,no,no,yes,yes,yes,4,3,3,1,1,1,6,316,15.67
317,GP,F,17,U,LE3,T,2,2,course,mother,2,2,0,yes,yes,no,no,yes,yes,yes,4,4,4,2,3,5,6,317,12.0
318,GP,F,18,R,GT3,A,3,2,home,mother,2,2,0,no,no,no,no,no,yes,yes,4,1,1,1,1,5,15,318,10.33
319,GP,M,18,U,GT3,T,4,4,home,mother,2,1,0,no,no,no,yes,yes,yes,no,3,2,4,1,4,3,6,319,11.67
320,GP,F,18,U,GT3,T,4,4,reputation,father,1,2,1,yes,yes,no,yes,yes,yes,yes,2,4,4,1,1,4,2,320,13.0
321,GP,F,17,U,GT3,T,2,2,reputation,father,3,3,0,no,yes,no,no,yes,yes,yes,4,2,3,1,1,1,8,321,14.33
322,GP,F,19,R,GT3,T,3,2,reputation,father,1,2,1,yes,yes,no,no,no,yes,no,3,3,3,4,3,3,0,322,9.0
323,GP,M,18,U,LE3,T,4,3,course,mother,2,1,0,no,no,no,yes,yes,yes,no,4,2,3,1,2,1,0,323,10.0
324,GP,M,18,U,GT3,T,1,2,home,other,2,1,0,no,no,no,no,no,yes,no,3,4,4,2,4,4,10,324,10.33
325,GP,M,17,U,LE3,A,4,1,home,mother,2,1,0,no,no,no,yes,yes,yes,yes,4,5,4,2,4,5,22,325,10.67
326,GP,M,17,U,LE3,A,3,2,home,mother,1,1,0,no,no,no,no,yes,yes,no,4,4,4,3,4,3,18,326,13.0
327,GP,F,18,R,LE3,T,1,1,reputation,mother,2,4,0,no,yes,no,yes,yes,no,no,5,2,2,1,1,3,2,327,17.33
328,GP,F,18,U,GT3,T,1,1,home,mother,2,2,0,yes,no,no,yes,yes,yes,no,5,4,4,1,1,4,0,328,12.67
329,GP,F,17,U,GT3,T,2,2,course,mother,1,2,0,no,yes,no,no,yes,yes,no,5,4,5,1,2,5,12,329,12.67
330,GP,F,18,U,GT3,T,2,1,reputation,mother,2,2,0,no,no,no,yes,yes,yes,yes,4,3,1,1,1,5,10,330,13.0
331,GP,M,17,U,GT3,T,1,1,reputation,father,1,2,0,no,no,no,no,yes,yes,no,4,3,3,1,2,4,0,331,12.0
332,GP,F,18,U,GT3,T,2,2,other,mother,1,3,0,no,yes,no,no,yes,yes,no,4,3,3,1,2,2,0,332,18.0
333,GP,F,17,U,GT3,T,1,1,reputation,mother,1,3,0,no,yes,no,no,yes,yes,no,4,3,3,1,1,3,0,333,13.33
334,GP,M,18,U,GT3,T,2,1,reputation,mother,1,3,0,no,no,no,yes,yes,yes,no,4,2,4,1,3,2,0,334,14.67
335,GP,M,18,U,LE3,A,4,4,reputation,mother,1,2,0,no,yes,no,yes,yes,yes,no,5,4,3,1,1,2,0,335,17.0
336,GP,M,18,U,GT3,T,4,2,home,mother,1,2,0,no,yes,no,yes,yes,yes,yes,4,3,2,1,4,5,2,336,15.67
337,GP,F,17,U,GT3,T,4,3,reputation,mother,1,3,0,no,yes,no,no,yes,yes,no,4,2,2,1,2,3,0,337,17.67
338,GP,F,17,R,LE3,T,3,1,reputation,mother,2,4,0,no,yes,no,no,yes,no,no,3,1,2,1,1,3,0,338,18.67
339,GP,M,18,R,LE3,T,3,2,reputation,mother,2,3,0,no,yes,no,yes,yes,yes,no,5,4,2,1,1,4,0,339,14.67
340,GP,M,17,U,GT3,T,3,3,home,mother,1,1,0,no,yes,no,no,yes,yes,no,4,4,3,1,3,5,0,340,14.67
341,GP,F,19,U,GT3,T,4,4,reputation,other,2,2,0,no,yes,no,yes,yes,yes,no,2,3,4,2,3,2,2,341,13.33
342,GP,F,18,U,LE3,T,4,3,home,other,2,2,0,no,yes,no,no,yes,yes,yes,4,4,5,1,2,2,0,342,13.67
343,GP,F,18,U,GT3,T,4,3,reputation,father,1,4,0,no,yes,no,no,yes,yes,no,4,3,3,1,1,3,0,343,16.67
344,GP,M,18,U,LE3,T,4,4,home,mother,1,1,0,no,yes,no,no,yes,yes,yes,1,4,2,2,2,1,0,344,17.67
345,GP,F,18,U,LE3,A,4,4,home,mother,1,2,0,no,yes,yes,no,yes,yes,yes,4,2,4,1,1,4,0,345,14.67
346,GP,M,17,U,LE3,T,4,4,home,father,2,1,0,no,no,no,no,yes,yes,no,4,1,1,2,2,5,0,346,12.67
347,GP,F,17,R,GT3,T,4,4,reputation,mother,2,3,0,no,yes,no,yes,yes,yes,no,5,3,4,1,1,5,0,347,7.33
348,GP,F,17,U,GT3,T,4,2,reputation,mother,2,3,0,no,yes,no,no,yes,yes,no,4,3,3,1,1,3,0,348,16.0
349,GP,F,17,U,GT3,T,3,2,reputation,father,1,4,0,no,yes,no,yes,yes,yes,no,5,2,2,1,2,5,0,349,18.0
350,GP,M,19,R,LE3,T,2,1,course,mother,2,3,1,no,no,no,yes,yes,yes,yes,4,3,1,1,1,5,0,350,10.0
351,GP,M,20,U,GT3,A,3,2,course,other,1,1,2,no,no,no,yes,yes,no,no,5,5,3,1,1,5,0,351,14.67
352,GP,M,19,R,GT3,T,3,3,reputation,father,1,2,0,no,no,no,yes,yes,no,yes,4,5,3,1,2,5,0,352,10.33
353,GP,F,18,U,GT3,T,1,4,home,mother,1,2,0,yes,yes,no,no,yes,no,yes,3,4,4,1,2,5,2,353,10.33
354,GP,F,18,U,GT3,T,2,1,course,mother,2,2,0,no,yes,no,yes,yes,yes,no,5,3,3,1,2,1,2,354,13.0
355,GP,F,17,U,GT3,T,2,3,course,father,2,2,0,no,no,no,yes,yes,yes,yes,4,2,1,1,1,3,2,355,12.33
356,GP,F,17,R,GT3,T,4,4,course,mother,1,1,0,no,no,no,yes,yes,yes,no,4,4,4,1,1,5,2,356,16.0
357,GP,F,18,U,GT3,T,4,3,course,mother,1,3,0,no,yes,no,yes,yes,yes,yes,4,3,4,1,1,5,2,357,15.33
358,GP,F,18,U,LE3,T,4,3,course,mother,2,1,0,no,yes,no,no,yes,yes,no,3,2,4,1,4,1,8,358,13.0
359,GP,F,17,R,GT3,T,3,4,course,father,1,3,0,no,yes,no,yes,yes,yes,no,4,3,4,2,5,5,2,359,15.67
360,GP,F,18,U,GT3,T,3,3,course,father,1,2,0,no,yes,no,no,yes,yes,no,4,1,4,1,1,3,8,360,12.33
361,GP,M,19,U,GT3,T,4,2,course,mother,2,2,0,no,yes,no,yes,yes,yes,yes,5,4,4,1,1,1,9,361,10.33
362,GP,F,18,U,GT3,T,4,4,course,mother,1,2,0,no,yes,no,no,yes,yes,no,4,4,4,3,3,5,0,362,12.0
363,GP,F,18,U,GT3,T,3,4,course,mother,1,1,0,no,yes,no,yes,yes,yes,yes,5,4,4,1,1,1,4,363,12.33
364,GP,F,17,U,GT3,T,4,4,course,mother,1,1,0,no,no,no,yes,yes,yes,no,5,3,4,1,2,5,2,364,15.33
365,GP,F,17,U,GT3,A,4,3,course,mother,1,2,0,no,yes,no,no,yes,yes,yes,5,2,2,1,2,5,14,365,15.33
366,GP,F,17,U,LE3,A,3,3,home,mother,1,2,0,yes,yes,no,no,yes,yes,no,5,3,3,1,1,5,0,366,12.33
367,GP,F,17,U,LE3,T,2,1,home,father,1,2,0,no,no,no,yes,yes,yes,no,4,2,3,2,2,2,2,367,12.33
368,GP,M,18,U,LE3,T,4,4,reputation,father,1,1,0,no,yes,no,no,yes,yes,no,4,2,5,3,4,5,2,368,9.33
369,GP,F,19,U,GT3,T,1,1,course,other,3,3,0,no,no,no,yes,no,no,yes,1,5,5,4,3,5,12,369,10.33
370,GP,F,19,U,LE3,A,1,1,course,other,3,2,2,no,yes,no,no,yes,yes,yes,5,3,4,1,1,4,2,370,8.33
371,GP,F,18,U,GT3,T,2,2,course,mother,1,1,0,no,yes,no,yes,yes,yes,yes,4,3,5,2,4,5,2,371,10.0
372,GP,F,17,U,GT3,T,2,2,course,mother,1,2,0,no,yes,no,no,yes,no,yes,4,2,2,1,1,3,4,372,13.33
373,GP,F,17,R,LE3,T,2,2,course,mother,1,3,0,no,yes,no,yes,yes,yes,no,3,3,2,2,2,3,0,373,10.67
374,GP,F,17,U,GT3,T,3,1,course,father,1,3,0,no,yes,no,no,yes,yes,no,3,4,3,2,3,5,0,374,17.33
375,GP,F,17,U,LE3,T,0,2,home,father,2,3,0,no,no,no,no,yes,yes,no,3,3,3,2,3,2,0,375,14.33
376,GP,F,18,U,GT3,T,1,1,home,mother,2,3,0,no,no,no,yes,yes,yes,no,4,5,5,1,2,2,0,376,14.0
377,GP,M,18,U,GT3,T,4,4,course,mother,1,3,0,no,no,no,yes,yes,yes,no,4,3,3,2,2,3,0,377,13.33
378,GP,M,17,U,GT3,T,3,3,reputation,mother,1,1,0,no,no,no,yes,yes,yes,no,4,3,5,3,5,5,0,378,17.33
379,GP,M,17,R,GT3,T,2,2,course,mother,4,1,0,no,yes,no,no,yes,yes,no,4,4,5,5,5,4,2,379,10.33
380,GP,F,17,U,GT3,T,4,4,course,mother,1,3,0,no,yes,no,yes,yes,yes,no,5,4,4,1,3,4,0,380,12.67
381,GP,F,17,U,GT3,T,4,4,course,mother,2,3,0,no,yes,no,no,yes,yes,yes,4,3,3,1,2,4,4,381,14.67
382,GP,F,17,U,GT3,T,3,3,course,mother,1,1,0,no,yes,yes,yes,yes,yes,no,4,2,5,2,5,5,2,382,11.33
383,GP,M,18,U,LE3,T,2,2,course,mother,1,4,0,no,yes,yes,yes,yes,yes,no,4,5,5,2,4,5,0,383,11.33
384,GP,M,19,R,GT3,T,3,2,home,other,1,1,0,no,yes,no,no,yes,no,yes,5,3,4,2,2,5,0,384,10.33
385,GP,F,18,U,GT3,T,2,2,course,mother,4,2,0,no,no,no,yes,yes,no,yes,4,2,5,1,1,2,2,385,9.67
386,GP,F,17,R,GT3,T,2,4,course,father,1,3,0,no,yes,no,no,yes,yes,yes,4,4,3,1,1,5,0,386,15.0
387,GP,M,18,U,GT3,T,2,2,reputation,mother,1,1,0,no,no,no,no,yes,yes,no,5,4,2,1,2,5,6,387,14.67
388,GP,F,18,U,GT3,T,3,3,home,mother,1,2,0,no,no,no,yes,yes,yes,no,5,3,4,1,1,4,8,388,11.0
389,GP,F,18,U,LE3,T,2,2,home,other,1,2,0,no,no,no,yes,yes,yes,yes,4,3,3,1,1,2,0,389,10.33
390,GP,F,18,R,GT3,T,2,2,course,mother,2,4,0,no,no,no,yes,yes,no,no,4,4,4,1,1,4,6,390,13.67
391,GP,F,17,U,GT3,T,3,4,course,mother,1,3,0,no,no,no,no,yes,yes,no,4,4,5,1,3,5,8,391,12.67
392,GP,F,17,U,GT3,T,3,2,home,mother,1,2,0,no,yes,no,no,yes,yes,yes,4,3,2,2,3,2,0,392,13.33
393,GP,F,18,U,LE3,T,3,3,home,mother,1,4,0,no,yes,no,no,yes,yes,no,5,3,3,1,1,1,4,393,14.33
394,GP,F,17,R,GT3,A,3,2,home,mother,1,2,0,no,yes,no,no,yes,yes,no,4,3,3,2,3,2,0,394,14.67
395,GP,M,18,U,GT3,T,4,4,home,father,1,2,0,no,yes,no,yes,yes,yes,no,4,3,3,2,2,2,0,395,12.33
396,GP,M,18,U,LE3,T,3,4,home,mother,1,2,0,no,no,no,yes,yes,yes,yes,4,3,3,1,3,5,6,396,16.33
397,GP,F,17,U,GT3,A,2,2,home,father,1,2,0,no,yes,no,no,yes,yes,yes,3,3,1,1,2,4,18,397,12.0
398,GP,F,18,U,GT3,T,2,3,course,mother,1,3,0,no,yes,no,no,yes,yes,no,4,3,3,1,2,3,0,398,12.33
399,GP,F,18,U,GT3,T,3,2,other,mother,1,3,0,no,no,no,no,yes,yes,yes,5,4,3,2,3,1,4,399,15.67
400,GP,M,18,R,GT3,T,4,3,course,mother,1,3,0,no,no,no,no,yes,yes,yes,5,3,2,1,2,4,4,400,15.33
401,GP,M,18,U,GT3,T,4,3,course,mother,1,3,0,no,yes,no,no,yes,yes,yes,5,4,5,2,3,5,0,401,13.67
402,GP,F,17,U,GT3,T,4,3,reputation,mother,1,3,0,no,yes,no,yes,yes,yes,yes,4,4,3,1,3,4,0,402,12.0
403,GP,F,17,U,GT3,T,2,1,course,mother,2,2,0,no,yes,no,yes,yes,yes,yes,4,3,4,2,2,1,10,403,14.0
404,GP,F,17,U,GT3,T,2,1,reputation,mother,1,2,0,no,yes,no,yes,yes,yes,no,4,3,5,2,4,4,4,404,14.67
405,GP,F,19,U,LE3,A,2,3,home,other,2,1,1,no,no,no,no,no,yes,no,2,2,3,3,4,5,16,405,10.67
406,GP,F,17,U,GT3,T,3,1,home,mother,1,1,1,no,yes,yes,no,yes,yes,yes,4,1,2,1,1,3,6,406,12.0
407,GP,F,21,U,LE3,T,4,4,reputation,other,1,3,2,no,no,yes,yes,yes,yes,no,3,3,2,1,1,5,0,407,11.0
408,GP,M,18,U,LE3,T,2,2,reputation,mother,1,2,0,no,yes,no,yes,no,yes,no,4,4,4,1,3,3,11,408,10.67
409,GP,M,18,U,LE3,A,3,4,reputation,other,1,2,0,no,no,no,yes,yes,yes,yes,4,3,5,1,4,2,9,409,14.0
410,GP,F,17,U,GT3,T,2,2,reputation,mother,1,2,0,no,yes,no,yes,yes,yes,no,4,3,4,1,3,4,0,410,15.67
411,GP,M,17,U,LE3,A,4,4,reputation,mother,1,3,0,no,yes,no,no,yes,yes,no,4,4,2,1,2,4,2,411,14.0
412,GP,F,18,U,LE3,T,4,2,course,mother,1,2,0,no,yes,no,yes,yes,yes,no,4,2,2,1,1,3,0,412,16.0
413,GP,M,21,R,LE3,T,1,1,course,other,2,2,2,no,yes,no,yes,no,yes,yes,5,3,3,5,2,4,21,413,9.67
414,GP,F,20,R,GT3,T,1,1,reputation,other,2,3,0,no,no,no,no,yes,yes,yes,3,2,2,1,3,3,8,414,13.67
415,GP,F,19,U,GT3,T,4,4,home,other,1,1,1,no,yes,no,no,yes,yes,yes,3,2,5,4,4,5,5,415,10.0
416,GP,M,17,U,LE3,A,3,2,reputation,mother,1,2,0,no,yes,no,no,yes,yes,no,4,4,4,1,2,5,10,416,17.33
417,GP,F,18,U,GT3,T,3,2,reputation,father,1,3,0,no,yes,no,no,yes,yes,yes,4,3,4,1,2,2,5,417,16.0
418,GP,M,18,R,GT3,T,2,3,reputation,father,1,1,0,no,no,no,no,yes,yes,no,3,1,3,4,5,4,13,418,13.67
419,GP,M,19,U,GT3,T,2,1,reputation,mother,1,1,0,no,no,no,no,yes,yes,no,5,3,4,1,4,4,10,419,9.67
420,GP,F,18,U,LE3,A,2,2,reputation,mother,2,2,0,no,yes,no,no,yes,yes,no,4,1,4,1,3,4,10,420,16.0
421,GP,F,20,U,GT3,T,1,0,reputation,mother,2,1,1,yes,no,no,no,yes,yes,yes,5,3,1,1,1,5,5,421,9.33
422,GP,F,18,U,GT3,T,3,2,home,mother,1,2,0,no,yes,no,yes,yes,yes,yes,3,1,2,1,2,1,4,422,12.0
423,MS,F,16,U,GT3,T,1,3,other,father,2,1,0,no,yes,no,no,no,yes,yes,4,3,3,1,3,5,11,423,10.67
424,MS,F,16,R,GT3,T,2,2,course,mother,2,2,0,no,yes,no,yes,yes,yes,no,4,4,4,1,1,5,0,424,12.0
425,MS,F,15,R,GT3,T,1,1,other,mother,1,1,1,no,yes,no,no,yes,no,yes,4,1,3,1,1,2,6,425,10.0
426,MS,F,15,R,GT3,T,3,3,course,mother,2,1,0,no,yes,no,no,yes,yes,no,5,4,4,2,3,5,4,426,10.33
427,MS,F,16,R,GT3,T,2,3,course,mother,2,2,0,no,no,no,no,yes,no,no,4,5,2,1,2,5,0,427,16.67
428,MS,F,15,R,LE3,T,2,1,home,mother,2,1,0,no,no,no,no,no,no,no,1,3,4,1,1,1,0,428,7.67
429,MS,M,16,R,LE3,A,4,4,home,mother,1,2,0,no,yes,no,no,yes,no,no,5,3,2,1,3,2,5,429,10.67
430,MS,M,16,U,GT3,A,1,2,other,mother,1,3,0,yes,no,no,no,yes,yes,no,4,4,3,1,1,5,0,430,10.67
431,MS,F,17,R,GT3,T,3,2,course,father,1,2,1,no,no,no,no,yes,no,yes,4,5,4,1,2,5,0,431,10.0
432,MS,F,17,R,GT3,T,1,1,other,father,1,1,1,no,yes,no,no,no,yes,no,5,4,4,2,2,5,0,432,6.33
433,MS,F,15,R,GT3,T,4,4,course,mother,2,1,0,no,no,no,no,yes,yes,yes,1,5,1,3,5,5,0,433,13.67
434,MS,F,16,U,LE3,A,2,2,reputation,mother,2,4,0,no,no,no,yes,no,no,yes,1,2,1,1,1,1,4,434,10.0
435,MS,F,15,R,LE3,T,1,1,reputation,father,2,2,0,no,yes,no,no,yes,yes,no,5,4,3,1,2,4,0,435,10.0
436,MS,F,15,R,LE3,T,1,1,course,mother,2,1,1,no,yes,no,no,yes,yes,yes,4,4,3,1,2,2,4,436,7.0
437,MS,F,16,R,GT3,T,0,2,other,mother,2,1,0,no,yes,no,yes,yes,no,no,3,2,3,1,2,2,0,437,11.67
438,MS,F,17,R,GT3,T,2,3,course,mother,2,1,0,no,yes,no,no,yes,yes,no,5,5,5,1,3,3,2,438,11.0
439,MS,F,15,R,GT3,T,3,3,course,father,2,1,0,no,no,no,no,yes,yes,no,4,1,3,1,1,4,0,439,15.33
440,MS,M,16,U,GT3,T,1,1,home,mother,2,2,0,no,yes,no,yes,yes,no,yes,5,4,5,4,5,3,0,440,2.33
441,MS,M,17,U,GT3,T,1,1,home,mother,1,2,0,no,no,yes,no,yes,yes,no,4,4,3,2,4,5,4,441,8.67
442,MS,M,15,R,LE3,T,4,1,reputation,father,1,2,0,no,yes,no,yes,yes,yes,no,5,3,4,1,2,2,0,442,13.0
443,MS,M,15,R,LE3,T,4,1,reputation,father,1,2,0,no,yes,no,yes,yes,yes,no,5,3,4,1,2,2,7,443,8.0
444,MS,M,16,R,GT3,T,3,4,other,mother,3,2,0,no,no,no,no,yes,no,no,3,4,5,1,2,5,4,444,10.0
445,MS,M,15,R,GT3,T,1,1,course,mother,4,2,0,no,yes,no,yes,yes,no,yes,5,4,5,2,4,4,8,445,8.33
446,MS,M,15,U,LE3,T,3,3,reputation,father,1,2,0,no,yes,no,yes,yes,yes,no,5,3,3,1,1,5,0,446,11.0
447,MS,M,17,R,GT3,T,2,1,other,mother,3,1,0,no,no,no,yes,no,no,yes,5,5,5,5,5,3,8,447,9.0
448,MS,F,16,R,GT3,T,4,4,course,mother,2,3,0,no,no,no,yes,yes,yes,yes,4,2,2,1,1,4,6,448,16.33
449,MS,F,15,R,GT3,T,1,2,course,mother,2,1,0,no,no,no,no,yes,no,no,5,1,2,1,1,1,3,449,12.33
450,MS,F,16,R,GT3,T,2,3,course,mother,3,2,0,no,yes,no,no,yes,yes,no,4,5,4,1,2,1,2,450,15.0
451,MS,M,16,R,GT3,T,1,2,course,father,2,2,0,no,no,no,no,yes,no,no,4,3,3,1,1,5,0,451,10.67
452,MS,F,16,R,GT3,T,2,2,course,mother,3,2,0,no,yes,no,no,yes,yes,no,4,4,5,1,1,4,4,452,10.0
453,MS,F,16,U,GT3,T,1,2,course,mother,1,3,1,no,yes,no,no,yes,no,no,1,3,2,1,2,4,0,453,8.67
454,MS,F,16,U,GT3,T,1,2,course,mother,1,3,1,no,yes,no,no,yes,no,no,1,3,2,1,2,4,3,454,8.33
455,MS,F,15,U,GT3,T,2,1,home,mother,1,2,0,yes,yes,no,no,yes,yes,no,4,4,2,3,3,2,0,455,9.33
456,MS,F,16,U,GT3,T,1,1,course,father,1,2,0,no,yes,no,no,yes,no,yes,5,4,3,2,1,2,0,456,14.0
457,MS,M,17,R,LE3,T,1,2,reputation,mother,1,1,0,no,yes,no,yes,yes,yes,no,5,5,5,5,5,3,4,457,10.67
458,MS,F,16,R,GT3,T,1,1,home,father,4,4,0,no,yes,no,no,yes,yes,no,4,3,2,1,1,1,0,458,12.0
459,MS,F,16,R,GT3,T,1,1,other,father,4,3,0,yes,yes,no,no,yes,no,no,4,4,3,1,1,5,2,459,9.67
460,MS,F,15,R,GT3,T,1,1,home,father,2,2,0,no,yes,no,yes,yes,yes,no,4,3,3,1,1,2,1,460,10.67
461,MS,F,16,R,GT3,T,1,1,other,mother,2,1,0,no,no,no,yes,yes,yes,yes,4,2,2,4,3,2,0,461,13.0
462,MS,F,15,R,GT3,T,1,1,course,father,3,2,0,no,yes,no,no,yes,no,no,4,2,1,1,2,2,0,462,13.67
463,MS,F,15,R,LE3,T,2,2,other,father,1,3,0,yes,yes,no,no,yes,no,no,4,4,3,2,2,5,2,463,12.33
464,MS,M,16,R,GT3,T,1,1,other,father,2,1,0,no,no,no,yes,yes,no,no,3,4,4,3,4,5,6,464,11.0
465,MS,F,18,U,GT3,T,1,2,course,father,1,2,1,no,yes,no,yes,yes,yes,yes,3,4,4,2,3,5,9,465,8.33
466,MS,M,15,U,GT3,T,3,1,home,mother,2,1,0,no,yes,no,no,yes,no,no,3,2,3,1,3,4,0,466,10.0
467,MS,F,16,R,GT3,T,2,2,course,father,3,2,0,no,yes,no,yes,yes,yes,no,5,3,4,1,1,2,1,467,13.67
468,MS,M,15,U,GT3,T,2,2,reputation,mother,3,1,0,no,no,no,no,yes,no,no,4,3,3,1,2,4,1,468,12.67
469,MS,M,16,U,GT3,T,4,4,course,father,1,2,0,no,yes,no,yes,yes,no,yes,4,3,1,1,1,3,0,469,12.67
470,MS,F,15,R,GT3,T,3,3,reputation,mother,1,2,0,no,yes,no,no,yes,yes,yes,4,5,4,1,1,1,4,470,12.33
471,MS,F,16,R,GT3,T,2,2,course,mother,2,2,1,no,yes,no,yes,yes,no,no,4,4,4,2,3,5,2,471,11.67
472,MS,F,16,R,LE3,T,2,2,home,father,3,1,0,no,yes,no,yes,yes,no,yes,4,3,2,1,1,4,0,472,14.67
473,MS,M,16,U,LE3,T,2,1,course,mother,2,1,0,no,yes,no,yes,yes,yes,no,2,4,3,2,3,4,4,473,9.33
474,MS,M,15,R,LE3,T,1,3,reputation,father,3,1,0,no,yes,no,yes,yes,yes,no,4,2,4,3,5,3,2,474,10.67
475,MS,F,15,U,GT3,T,2,2,course,mother,2,3,0,no,yes,no,yes,yes,no,no,5,3,2,1,1,4,0,475,13.0
476,MS,F,16,R,LE3,T,2,1,home,mother,1,1,0,no,yes,no,no,yes,yes,yes,5,4,3,1,1,5,2,476,8.67
477,MS,M,15,U,GT3,T,3,3,course,father,2,1,0,no,yes,no,yes,yes,yes,no,4,3,3,2,4,3,11,477,11.0
478,MS,F,16,R,GT3,T,1,1,course,father,2,2,3,yes,yes,no,no,yes,no,no,3,4,3,1,1,1,0,478,7.33
479,MS,F,17,U,GT3,T,2,2,course,mother,1,1,0,no,yes,no,yes,no,no,no,4,5,3,1,1,5,4,479,9.33
480,MS,F,19,U,GT3,T,2,3,course,other,1,1,1,no,no,no,no,no,yes,yes,4,4,4,1,1,2,0,480,9.33
481,MS,F,17,R,GT3,T,2,1,course,mother,3,1,0,no,yes,no,yes,no,no,yes,5,5,3,1,1,3,2,481,10.0
482,MS,F,15,R,LE3,T,1,1,course,mother,2,1,0,no,yes,no,no,no,no,yes,5,2,1,1,3,4,0,482,9.33
483,MS,F,16,R,GT3,T,2,2,course,father,3,2,0,no,yes,no,no,no,yes,no,3,4,5,1,2,1,1,483,10.0
484,MS,F,16,U,LE3,A,2,2,home,mother,1,1,0,no,yes,no,no,no,no,no,4,3,4,1,2,1,6,484,7.33
485,MS,F,17,R,GT3,T,2,2,course,mother,2,2,0,no,yes,no,no,yes,yes,no,4,3,5,1,2,4,0,485,10.67
486,MS,F,16,U,GT3,T,2,2,course,father,1,1,1,no,yes,yes,yes,yes,yes,no,4,4,3,1,4,3,1,486,9.67
487,MS,F,18,R,LE3,A,3,2,course,other,2,3,2,no,yes,no,no,no,no,yes,3,3,2,1,1,2,6,487,8.67
488,MS,F,19,U,GT3,T,1,1,course,mother,1,3,1,no,no,no,yes,no,no,yes,5,3,1,1,1,3,6,488,8.33
489,MS,M,18,R,GT3,T,1,1,home,mother,2,1,1,no,no,no,yes,no,yes,no,4,4,3,3,4,4,0,489,9.0
490,MS,F,18,R,GT3,T,1,1,course,mother,2,1,1,no,no,no,no,no,yes,yes,3,2,3,1,1,2,4,490,10.0
491,MS,F,19,U,GT3,T,1,1,course,other,2,2,1,no,yes,no,no,yes,yes,yes,1,1,4,4,1,1,12,491,8.0
492,MS,F,16,R,GT3,A,2,2,course,mother,1,2,0,no,no,no,no,yes,no,yes,3,3,2,1,1,3,2,492,9.33
493,MS,F,17,U,GT3,T,0,1,course,father,2,1,0,no,no,no,yes,yes,no,no,2,4,4,3,5,5,5,493,9.33
494,MS,F,16,R,LE3,T,1,2,course,mother,1,2,0,no,no,no,yes,no,yes,no,4,4,5,1,3,3,0,494,8.67
495,MS,F,16,U,GT3,T,3,3,reputation,mother,1,1,0,no,no,no,yes,no,yes,yes,4,5,4,1,1,4,0,495,13.33
496,MS,F,16,R,LE3,T,1,1,home,mother,1,1,0,no,yes,no,yes,yes,yes,yes,4,4,4,2,2,4,2,496,14.0
497,MS,M,17,U,GT3,T,3,3,course,mother,2,4,1,no,yes,yes,yes,yes,no,no,5,4,5,3,4,5,0,497,10.33
498,MS,F,16,U,GT3,T,2,1,course,mother,1,2,0,no,yes,no,yes,yes,yes,no,5,3,3,1,1,1,0,498,13.67
499,MS,F,16,U,GT3,T,2,2,course,mother,1,1,0,no,yes,yes,yes,yes,no,yes,4,2,5,1,2,5,0,499,16.33
500,MS,M,17,U,GT3,T,1,2,course,father,1,1,1,no,yes,no,yes,no,yes,yes,5,3,5,5,5,1,12,500,6.67
501,MS,M,16,U,LE3,T,4,3,course,father,1,1,0,no,no,no,yes,yes,yes,no,4,2,5,1,5,5,8,501,13.0
502,MS,M,17,R,LE3,T,2,2,other,mother,3,4,1,no,yes,no,no,yes,no,no,1,3,5,3,5,3,2,502,9.0
503,MS,F,16,U,GT3,T,1,1,course,other,1,4,0,yes,yes,no,yes,yes,yes,no,2,2,1,1,1,5,0,503,14.0
504,MS,F,19,U,LE3,T,2,2,home,mother,1,3,0,no,no,no,no,yes,yes,yes,5,4,5,1,1,1,0,504,12.67
505,MS,F,17,R,GT3,T,1,1,reputation,mother,2,1,0,no,yes,no,yes,yes,yes,yes,4,4,5,1,2,5,0,505,11.0
506,MS,F,20,U,GT3,T,3,3,other,mother,2,2,1,no,no,no,yes,yes,yes,yes,3,3,4,2,4,3,8,506,10.0
507,MS,F,17,U,LE3,T,1,1,course,father,1,3,0,no,yes,no,no,yes,no,yes,4,3,3,1,1,3,0,507,10.67
508,MS,M,17,R,GT3,T,2,2,course,mother,3,1,1,no,yes,no,no,yes,yes,no,4,4,5,1,2,5,0,508,9.33
509,MS,F,16,R,LE3,T,1,1,course,father,3,2,0,no,yes,no,no,yes,no,no,5,3,2,1,1,1,0,509,17.0
510,MS,F,17,R,GT3,T,2,2,reputation,mother,2,2,0,no,yes,no,yes,yes,no,no,5,3,2,1,1,1,0,510,16.33
511,MS,F,17,U,GT3,A,1,0,other,mother,2,2,0,no,no,no,no,yes,yes,yes,4,4,5,1,1,4,1,511,10.0
512,MS,F,18,R,GT3,T,1,1,other,mother,1,2,1,no,yes,no,no,yes,yes,yes,4,3,2,1,1,5,9,512,7.0
513,MS,F,16,U,GT3,T,3,1,course,mother,1,1,0,no,no,no,yes,yes,yes,no,3,1,3,1,3,1,0,513,7.33
514,MS,F,16,U,GT3,T,3,2,course,mother,1,1,0,no,no,no,no,yes,yes,no,3,1,3,1,4,3,2,514,6.67
515,MS,F,18,U,LE3,T,1,1,reputation,mother,2,2,0,yes,no,no,no,yes,no,no,2,3,5,1,4,3,8,515,9.0
516,MS,F,16,R,GT3,T,4,4,reputation,father,1,2,0,no,no,no,yes,yes,yes,yes,4,3,3,2,3,2,0,516,15.33
517,MS,F,16,R,LE3,T,1,2,reputation,mother,2,1,0,no,no,no,yes,yes,yes,no,5,4,5,1,4,2,0,517,14.33
518,MS,F,18,U,GT3,A,2,4,reputation,father,1,2,1,no,yes,no,no,yes,yes,no,2,3,2,1,3,1,8,518,7.0
519,MS,M,16,R,GT3,T,2,1,reputation,mother,2,2,0,no,no,no,yes,yes,yes,no,5,2,1,1,1,2,0,519,5.0
520,MS,F,16,U,LE3,T,1,1,other,mother,3,2,0,no,yes,no,no,yes,yes,no,4,3,2,1,3,5,6,520,7.33
521,MS,F,16,R,GT3,T,2,3,other,mother,2,2,0,no,yes,no,yes,yes,yes,no,3,3,3,1,1,2,0,521,9.33
522,MS,F,16,U,GT3,T,4,4,course,mother,1,2,0,no,yes,no,no,yes,yes,yes,4,3,4,1,2,3,4,522,8.0
523,MS,M,18,U,LE3,T,4,4,home,mother,1,4,0,no,yes,no,yes,no,yes,yes,5,5,5,5,5,5,2,523,5.67
524,MS,F,16,R,LE3,T,3,4,other,mother,3,2,0,no,yes,no,no,yes,no,no,4,2,1,1,1,2,2,524,8.0
525,MS,M,17,U,LE3,T,4,4,home,mother,1,3,0,no,yes,no,no,yes,yes,no,4,4,3,1,2,5,0,525,15.0
526,MS,F,17,R,GT3,T,4,1,other,mother,1,1,0,no,no,no,no,yes,yes,yes,4,2,3,1,2,5,1,526,13.67
527,MS,M,16,U,LE3,T,2,2,other,mother,4,3,0,no,no,no,no,yes,no,no,5,1,3,2,2,3,0,527,9.67
528,MS,F,17,R,GT3,T,2,2,other,mother,1,1,0,no,yes,yes,no,yes,yes,no,5,1,3,1,2,5,5,528,9.0
529,MS,F,16,U,LE3,T,4,4,other,father,2,1,0,no,yes,no,no,yes,no,no,5,1,3,1,2,5,1,529,11.0
530,MS,M,17,U,GT3,T,3,3,home,mother,1,1,0,no,yes,no,yes,yes,yes,no,4,1,4,5,5,3,8,530,8.67
531,MS,M,17,U,GT3,T,1,1,other,mother,3,2,0,no,no,no,no,yes,yes,yes,5,1,3,3,3,1,0,531,10.0
532,MS,M,16,U,GT3,T,2,1,other,mother,2,2,0,no,no,no,no,yes,yes,yes,4,2,2,1,4,5,2,532,8.0
533,MS,F,16,U,LE3,T,2,1,other,mother,1,2,0,no,no,no,no,yes,yes,yes,3,2,2,1,1,3,0,533,15.0
534,MS,M,16,U,LE3,T,4,4,other,father,1,1,0,no,yes,no,no,yes,yes,no,4,1,2,2,5,5,0,534,11.67
535,MS,M,15,R,GT3,T,1,2,course,mother,3,2,0,no,yes,no,yes,yes,no,no,5,5,5,1,3,5,11,535,10.0
536,MS,M,15,U,LE3,A,2,2,reputation,mother,3,4,0,no,yes,no,yes,yes,no,no,5,4,5,2,3,5,8,536,13.67
537,MS,M,15,U,LE3,A,2,1,course,mother,1,1,0,no,no,no,yes,yes,yes,no,4,3,3,1,2,5,11,537,12.33
538,MS,F,16,R,LE3,T,2,2,course,mother,1,3,0,no,yes,no,no,yes,no,yes,4,3,3,2,2,5,2,538,11.0
539,MS,F,16,U,LE3,T,4,1,home,mother,2,2,0,no,yes,no,yes,yes,yes,no,1,2,4,2,2,1,8,539,9.67
540,MS,F,17,U,GT3,T,3,2,home,mother,2,1,0,no,no,no,no,yes,no,yes,4,3,3,2,2,1,5,540,10.33
541,MS,F,17,R,GT3,T,2,2,other,mother,2,2,0,yes,no,yes,no,yes,no,no,5,1,3,1,1,5,0,541,10.33
542,MS,F,16,U,GT3,T,4,4,course,mother,2,3,0,no,yes,no,no,yes,yes,yes,5,3,5,1,4,5,1,542,11.0
543,MS,M,17,R,GT3,T,4,4,course,father,3,1,3,no,no,no,yes,yes,yes,yes,3,3,3,1,3,5,2,543,8.67
544,MS,M,17,R,LE3,T,1,3,course,father,2,1,0,no,no,no,yes,yes,no,yes,5,1,2,3,3,5,2,544,11.67
545,MS,M,17,U,GT3,T,3,4,other,mother,1,2,1,no,yes,no,yes,yes,yes,yes,5,4,4,3,4,5,8,545,8.33
546,MS,F,17,U,GT3,T,4,4,course,father,1,2,0,no,yes,no,no,yes,yes,no,5,2,5,1,1,5,0,546,14.67
547,MS,M,16,R,LE3,T,4,1,other,father,1,1,0,no,no,no,no,yes,yes,no,4,1,2,2,1,2,0,547,10.67
548,MS,F,17,U,GT3,A,1,1,other,mother,1,2,0,no,no,no,yes,yes,yes,yes,4,5,5,1,2,3,2,548,10.67
549,MS,F,17,R,GT3,T,4,2,course,mother,2,2,0,yes,yes,no,no,yes,yes,no,4,3,3,2,3,5,0,549,17.67
550,MS,M,16,U,LE3,A,2,2,course,father,2,2,0,no,yes,no,no,yes,yes,yes,4,1,2,2,2,5,0,550,12.67
551,MS,M,17,U,GT3,T,3,2,other,father,2,2,0,no,yes,yes,no,yes,yes,no,4,1,2,2,2,1,0,551,13.33
552,MS,M,19,U,GT3,T,1,1,other,mother,1,2,2,no,yes,no,yes,no,yes,no,4,4,3,3,4,4,2,552,9.33
553,MS,M,17,U,LE3,A,1,0,home,mother,1,1,0,no,no,no,no,yes,no,yes,4,1,2,1,1,5,4,553,11.33
554,MS,F,17,R,GT3,T,1,1,course,father,2,1,0,no,yes,no,yes,no,yes,yes,3,5,5,2,2,4,3,554,10.33
555,MS,F,16,R,GT3,T,1,2,home,father,1,3,0,yes,yes,no,no,yes,yes,yes,4,3,4,1,1,3,5,555,13.33
556,MS,M,16,R,LE3,T,1,2,course,mother,1,1,0,no,no,no,no,yes,no,no,4,4,4,2,4,5,4,556,10.0
557,MS,F,17,R,GT3,T,3,1,course,mother,2,2,3,no,yes,no,yes,yes,yes,yes,5,4,4,1,1,5,2,557,8.67
558,MS,M,17,R,GT3,T,2,2,course,mother,2,1,0,no,no,no,yes,no,no,yes,5,5,5,3,5,5,0,558,10.33
559,MS,M,18,R,GT3,T,1,0,course,other,3,1,1,yes,yes,no,no,yes,no,no,4,3,2,1,1,4,0,559,12.33
560,MS,M,17,R,GT3,T,1,1,course,mother,2,1,0,no,yes,no,yes,yes,yes,yes,4,5,5,1,3,2,0,560,9.67
561,MS,M,18,U,LE3,T,1,1,course,mother,2,2,0,no,yes,no,yes,yes,no,no,4,3,3,1,4,5,6,561,9.67
562,MS,F,16,R,LE3,T,2,2,course,father,1,2,0,no,no,no,yes,yes,no,yes,5,4,3,1,1,1,0,562,12.0
563,MS,M,17,U,GT3,T,2,2,course,mother,1,1,1,no,no,no,yes,yes,no,yes,1,2,1,2,3,5,0,563,2.33
564,MS,M,16,R,GT3,T,3,2,course,father,2,1,0,no,no,no,no,yes,yes,no,4,5,5,2,3,5,2,564,10.0
565,MS,M,16,R,LE3,T,1,1,course,mother,2,1,0,no,no,no,yes,yes,yes,no,4,5,5,2,4,5,0,565,9.67
566,MS,M,18,R,GT3,T,1,1,course,other,2,1,1,no,yes,no,no,no,yes,yes,5,3,3,2,3,5,2,566,8.33
567,MS,M,18,R,GT3,T,3,2,course,mother,1,1,1,no,no,no,no,no,yes,no,2,3,1,2,2,5,0,567,1.33
568,MS,M,19,U,GT3,T,3,2,course,mother,2,1,3,no,no,no,yes,yes,no,no,3,2,1,1,1,3,4,568,8.67
569,MS,M,18,U,GT3,T,3,3,course,mother,1,2,2,no,yes,no,yes,no,yes,no,4,4,5,1,3,3,9,569,6.67
570,MS,M,16,R,GT3,T,2,2,course,mother,2,1,0,no,yes,no,yes,yes,yes,yes,5,4,3,2,4,4,6,570,7.67
571,MS,M,19,U,GT3,T,2,1,course,other,2,1,3,no,no,no,yes,no,yes,yes,4,4,3,1,3,5,4,571,8.67
572,MS,F,16,U,GT3,A,3,2,course,mother,2,2,2,no,yes,no,yes,yes,no,yes,2,5,5,1,1,1,8,572,5.67
573,MS,F,17,U,GT3,T,1,1,course,mother,1,1,0,no,yes,no,yes,yes,no,no,4,3,2,1,2,5,9,573,8.67
574,MS,M,20,R,GT3,T,1,1,course,other,2,1,1,no,yes,no,no,no,yes,yes,4,4,3,2,4,4,12,574,9.67
575,MS,F,18,R,GT3,A,4,3,course,mother,1,1,0,no,yes,no,no,yes,yes,no,5,4,4,3,4,2,8,575,10.33
576,MS,M,18,R,GT3,T,3,2,course,mother,2,1,0,no,yes,no,no,yes,yes,no,2,5,5,5,5,5,8,576,10.0
577,MS,M,19,R,GT3,T,1,1,home,other,3,2,1,no,no,no,no,yes,yes,no,5,4,4,3,3,2,8,577,10.0
578,MS,M,17,U,GT3,T,3,3,course,mother,2,2,1,no,yes,no,no,yes,yes,no,4,5,4,2,3,3,4,578,9.0
579,MS,M,18,U,LE3,T,1,3,course,mother,1,1,0,no,no,no,no,no,yes,yes,4,3,3,2,3,3,0,579,9.33
580,MS,M,19,R,GT3,T,1,1,home,other,3,1,1,no,yes,no,no,yes,yes,no,4,4,4,3,3,5,4,580,9.0
581,MS,F,18,U,GT3,A,1,2,course,mother,2,2,2,no,yes,no,no,yes,no,no,4,3,3,1,1,5,2,581,7.33
582,MS,F,19,U,LE3,A,1,1,course,mother,1,1,0,no,yes,no,no,no,no,no,1,4,4,1,1,5,0,582,7.0
583,MS,F,18,R,GT3,T,2,2,other,mother,2,1,1,no,no,no,no,no,yes,yes,5,5,5,1,1,3,0,583,4.67
584,MS,F,17,R,GT3,T,0,0,course,mother,2,1,0,no,yes,no,no,yes,yes,no,4,4,3,1,1,5,0,584,10.67
585,MS,F,17,R,LE3,A,3,1,course,other,2,3,0,no,yes,yes,no,no,no,no,4,2,3,2,2,3,5,585,7.67
586,MS,F,17,U,GT3,T,4,2,home,mother,1,2,0,yes,yes,no,yes,yes,yes,no,5,5,5,1,3,5,0,586,5.33
587,MS,F,18,R,LE3,T,2,2,course,mother,1,2,1,no,yes,no,yes,yes,yes,no,2,3,3,1,2,4,3,587,7.0
588,MS,F,17,U,GT3,T,4,1,course,mother,1,1,0,no,yes,no,no,yes,no,yes,3,2,2,1,1,5,0,588,9.0
589,MS,F,17,U,LE3,T,1,2,course,father,1,1,0,no,no,no,no,yes,yes,no,5,5,1,1,1,3,0,589,9.0
590,MS,F,18,U,GT3,T,1,1,course,mother,3,2,2,no,no,no,yes,yes,no,yes,3,4,4,2,2,5,3,590,7.33
591,MS,F,18,U,GT3,T,2,2,reputation,father,2,2,0,no,no,no,yes,yes,yes,no,4,3,5,1,1,1,2,591,13.0
592,MS,F,17,U,GT3,T,3,3,course,mother,2,1,0,no,yes,no,no,yes,yes,no,4,4,3,1,1,4,0,592,12.0
593,MS,F,18,U,LE3,A,1,2,reputation,mother,2,2,0,no,no,no,no,yes,yes,no,4,4,3,1,2,4,0,593,13.0
594,MS,F,18,U,GT3,T,4,4,reputation,mother,2,2,0,no,no,no,yes,yes,yes,no,4,3,5,1,2,1,0,594,18.0
595,MS,M,18,U,LE3,T,4,4,reputation,mother,1,1,0,no,yes,no,yes,yes,yes,no,5,4,5,1,1,5,3,595,17.0
596,MS,F,17,U,GT3,T,4,2,course,mother,2,2,0,no,yes,no,no,yes,yes,no,4,3,3,1,2,4,0,596,17.67
597,MS,F,18,R,GT3,T,2,2,course,mother,3,2,1,no,no,no,yes,yes,no,yes,4,3,3,1,1,4,0,597,3.0
598,MS,M,18,U,LE3,T,1,2,home,mother,2,1,0,no,yes,no,no,yes,no,no,4,1,4,5,5,1,8,598,10.67
599,MS,M,18,R,GT3,T,4,4,other,mother,3,1,0,no,yes,yes,yes,yes,yes,yes,2,5,5,1,1,1,5,599,13.0
600,MS,M,17,R,GT3,T,1,1,other,father,3,1,0,no,no,no,no,no,no,no,4,2,3,3,4,4,4,600,13.0
601,MS,F,18,U,GT3,T,2,2,course,mother,2,2,0,no,yes,no,no,yes,yes,yes,1,3,1,1,1,2,4,601,8.67
602,MS,F,18,U,LE3,T,2,2,course,father,2,3,0,no,no,no,no,yes,yes,yes,5,4,5,1,4,3,0,602,12.0
603,MS,F,18,R,LE3,A,4,2,reputation,mother,1,2,0,no,no,no,yes,yes,yes,yes,5,3,1,1,1,5,0,603,1.67
604,MS,F,18,U,GT3,T,1,1,course,mother,3,2,1,no,no,no,no,no,no,no,4,4,2,1,2,2,2,604,9.67
605,MS,F,19,U,GT3,T,1,1,other,father,2,1,1,no,no,no,no,no,no,no,5,5,5,2,3,2,0,605,1.67
606,MS,F,17,U,GT3,T,4,2,course,father,2,4,0,no,no,no,no,yes,yes,yes,4,2,3,3,1,5,0,606,18.0
607,MS,F,17,R,LE3,A,2,1,reputation,mother,2,2,0,no,no,no,yes,yes,yes,yes,5,3,3,1,2,2,5,607,11.33
608,MS,F,18,U,LE3,A,1,1,course,mother,1,2,0,no,no,no,no,yes,no,yes,5,2,3,1,2,3,2,608,9.67
609,MS,F,18,U,GT3,T,1,2,course,father,2,2,0,no,yes,no,no,no,no,no,4,1,1,1,1,4,0,609,11.33
610,MS,F,19,R,GT3,A,1,1,course,other,2,2,3,no,yes,no,yes,no,no,yes,3,5,4,1,4,1,0,610,2.67
611,MS,F,18,R,GT3,T,2,2,home,mother,2,3,0,no,no,no,no,yes,yes,yes,4,2,1,1,1,4,5,611,14.33
612,MS,M,17,R,GT3,T,4,3,home,mother,2,2,1,no,yes,yes,yes,yes,yes,yes,4,5,5,1,3,2,4,612,10.67
613,MS,F,18,U,GT3,T,3,3,course,father,1,2,0,no,yes,no,no,yes,no,yes,5,3,4,1,1,5,0,613,10.0
614,MS,F,17,R,GT3,T,4,4,other,father,2,2,0,no,yes,yes,yes,yes,yes,no,4,3,3,1,2,5,2,614,12.0
615,MS,F,17,U,LE3,A,3,2,reputation,mother,2,2,0,no,no,no,no,yes,no,yes,1,2,3,1,2,5,0,615,14.67
616,MS,M,18,U,LE3,T,1,1,home,father,2,1,0,no,no,no,no,yes,yes,yes,3,3,2,1,2,3,2,616,13.67
617,MS,F,18,U,LE3,T,1,1,course,father,2,3,0,no,no,no,no,yes,yes,no,5,3,2,1,1,4,0,617,18.0
618,MS,F,18,R,LE3,A,1,2,course,mother,3,2,0,no,no,no,no,yes,no,yes,4,3,4,1,4,5,0,618,15.33
619,MS,F,18,U,GT3,T,3,3,other,mother,2,2,0,no,yes,no,no,yes,yes,yes,4,3,2,1,3,3,6,619,12.67
620,MS,F,17,U,LE3,T,4,4,course,mother,1,2,0,no,yes,no,yes,yes,yes,yes,2,3,4,1,1,1,4,620,14.67
621,MS,F,17,R,GT3,T,1,2,course,father,2,2,0,no,no,no,no,yes,no,no,3,2,2,1,2,3,0,621,13.0
622,MS,M,18,R,GT3,T,1,3,course,mother,2,2,0,no,yes,yes,no,yes,no,no,3,3,4,2,4,3,0,622,9.0
623,MS,M,18,U,LE3,T,4,4,other,mother,2,3,0,no,no,no,no,yes,yes,yes,4,2,2,2,2,5,0,623,15.67
624,MS,F,17,R,GT3,T,1,1,reputation,mother,3,1,1,no,yes,no,no,yes,yes,yes,5,2,1,1,2,1,0,624,8.33
625,MS,F,18,U,GT3,T,2,3,course,father,2,1,0,no,yes,no,no,yes,yes,yes,5,2,3,1,2,4,0,625,10.0
626,MS,F,18,R,GT3,T,4,4,other,father,3,2,0,no,yes,no,no,yes,yes,yes,3,2,2,4,2,5,0,626,4.0
627,MS,M,18,R,LE3,T,1,2,other,father,3,1,0,no,yes,no,yes,no,yes,yes,4,3,3,2,3,3,3,627,9.67
628,MS,F,17,U,GT3,T,2,2,home,mother,1,3,0,no,no,no,yes,yes,no,yes,3,4,3,1,1,3,8,628,11.0
629,MS,F,17,R,GT3,T,1,2,course,mother,1,1,0,no,no,no,yes,yes,yes,no,3,5,5,1,3,1,4,629,8.0
630,MS,F,18,R,LE3,T,4,4,reputation,mother,2,3,0,no,no,no,no,yes,yes,no,5,4,4,1,1,1,0,630,16.33
631,MS,F,18,R,GT3,T,1,1,home,mother,4,3,0,no,no,no,no,yes,yes,no,4,3,2,1,2,4,4,631,11.0
632,MS,F,19,R,GT3,T,1,1,course,other,2,2,1,no,yes,no,no,yes,yes,yes,4,3,3,1,1,3,4,632,8.0
633,MS,F,18,R,LE3,T,4,4,course,mother,1,2,0,no,no,no,yes,yes,yes,no,5,4,3,3,4,2,1,633,13.67
634,MS,F,18,U,GT3,T,3,3,home,mother,1,2,0,no,no,no,no,yes,yes,yes,4,1,3,1,2,1,1,634,16.0
635,MS,F,17,R,GT3,T,3,1,reputation,mother,1,2,0,no,yes,no,yes,yes,yes,no,4,5,4,2,3,1,10,635,8.67
636,MS,M,18,U,GT3,T,4,4,home,father,1,2,0,no,no,no,yes,yes,yes,no,3,2,4,1,4,2,4,636,18.0
637,MS,M,18,R,GT3,T,2,1,other,mother,2,1,0,no,no,no,yes,yes,yes,yes,4,4,3,1,3,5,0,637,4.67
638,MS,M,17,U,GT3,T,2,3,home,father,2,2,0,no,no,no,yes,yes,yes,no,4,4,3,1,1,3,4,638,15.0
639,MS,M,19,R,GT3,T,1,1,other,mother,2,1,1,no,no,no,no,yes,no,no,4,3,2,1,3,5,0,639,4.33
640,MS,M,18,R,GT3,T,4,2,home,father,2,1,1,no,no,yes,no,yes,no,no,5,4,3,4,3,3,0,640,4.67
641,MS,F,18,R,GT3,T,2,2,other,mother,2,3,0,no,no,no,no,yes,no,no,5,3,3,1,3,4,0,641,15.33
642,MS,F,17,U,GT3,T,4,3,other,mother,2,2,0,no,no,no,no,yes,yes,no,5,5,4,1,1,1,0,642,8.67
643,MS,F,18,R,GT3,T,4,4,reputation,mother,3,1,0,no,yes,no,yes,yes,yes,yes,4,4,3,2,2,5,4,643,8.67
644,MS,F,19,R,GT3,T,2,3,course,mother,1,3,1,no,no,no,yes,yes,yes,no,5,4,2,1,2,5,4,644,10.33
645,MS,F,18,U,LE3,T,3,1,course,mother,1,2,0,no,yes,no,no,yes,yes,no,4,3,4,1,1,1,4,645,15.33
646,MS,F,18,U,GT3,T,1,1,course,mother,2,2,0,no,no,no,yes,yes,no,no,1,1,1,1,1,5,6,646,10.67
647,MS,M,17,U,LE3,T,3,1,course,mother,2,1,0,no,no,no,no,yes,yes,no,2,4,5,3,4,2,6,647,10.0
648,MS,M,18,R,LE3,T,3,2,course,mother,3,1,0,no,no,no,no,yes,yes,no,4,4,1,3,4,5,4,648,10.67
